/*
SQLyog Ultimate v12.09 (32 bit)
MySQL - 5.6.15 : Database - peixun
*********************************************************************
*/

/*!40101 SET NAMES utf8 */;

/*!40101 SET SQL_MODE=''*/;

/*!40014 SET @OLD_UNIQUE_CHECKS=@@UNIQUE_CHECKS, UNIQUE_CHECKS=0 */;
/*!40014 SET @OLD_FOREIGN_KEY_CHECKS=@@FOREIGN_KEY_CHECKS, FOREIGN_KEY_CHECKS=0 */;
/*!40101 SET @OLD_SQL_MODE=@@SQL_MODE, SQL_MODE='NO_AUTO_VALUE_ON_ZERO' */;
/*!40111 SET @OLD_SQL_NOTES=@@SQL_NOTES, SQL_NOTES=0 */;
/*Table structure for table `schools` */

DROP TABLE IF EXISTS `schools`;

CREATE TABLE `schools` (
  `id` int(11) NOT NULL AUTO_INCREMENT,
  `name` varchar(20) NOT NULL,
  `type` varchar(20) NOT NULL,
  PRIMARY KEY (`id`),
  UNIQUE KEY `username` (`name`),
  KEY `type` (`type`)
) ENGINE=MyISAM AUTO_INCREMENT=201 DEFAULT CHARSET=utf8;

/*Data for the table `schools` */

insert  into `schools`(`id`,`name`,`type`) values (1,'昆山高新区美陆小学','小学'),(2,'昆山高新区吴淞江学校（小学部）','小学'),(3,'昆山高新区西塘实验小学','小学'),(4,'昆山花桥国际商务城花溪小学','小学'),(5,'昆山经济技术开发区包桥小学','小学'),(6,'昆山经济技术开发区实验小学','小学'),(7,'昆山经济技术开发区世茂小学','小学'),(8,'昆山经济技术开发区中华园小学','小学'),(9,'昆山开发区晨曦小学','小学'),(10,'昆山开发区青阳港学校（小学部）','小学'),(11,'昆山开发区石予小学','小学'),(12,'昆山开发区世茂蝶湖湾小学','小学'),(13,'昆山市爱心学校','小学'),(14,'昆山市巴城中心小学校','小学'),(15,'昆山市柏庐实验小学','小学'),(16,'昆山市城北高科园中心小学','小学'),(17,'昆山市城北中心小学校','小学'),(18,'昆山市大市中心小学校','小学'),(19,'昆山市淀山湖中心小学校','小学'),(20,'昆山市花桥中心小学校','小学'),(21,'昆山市锦溪中心小学校','小学'),(22,'昆山市娄江实验学校（小学部）','小学'),(23,'昆山市陆家镇菉溪小学','小学'),(24,'昆山市陆家中心小学校','小学'),(25,'昆山市南港中心小学校','小学'),(26,'昆山市培本实验小学','小学'),(27,'昆山市蓬朗中心小学校','小学'),(28,'昆山市千灯镇炎武小学','小学'),(29,'昆山市千灯中心小学校','小学'),(30,'昆山市石牌中心小学校','小学'),(31,'昆山市石浦中心小学校','小学'),(32,'昆山市实验小学','小学'),(33,'昆山市新镇中心小学校','小学'),(34,'昆山市玉峰实验学校','小学'),(35,'昆山市玉山镇朝阳小学','小学'),(36,'昆山市玉山镇第三中心小学校','小学'),(37,'昆山市玉山镇第一中心小学','小学'),(38,'昆山市玉山镇司徒街小学','小学'),(39,'昆山市玉山镇同心小学','小学'),(40,'昆山市玉山镇新城域小学','小学'),(41,'昆山市玉山镇振华实验小学','小学'),(42,'昆山市裕元实验学校','小学'),(43,'昆山市张浦镇第二小学','小学'),(44,'昆山市张浦镇周巷小学','小学'),(45,'昆山市张浦中心小学校','小学'),(46,'昆山市正仪中心小学校','小学'),(47,'昆山市周市华城美地小学','小学'),(48,'昆山市周市镇永平小学','小学'),(49,'昆山市周市中心小学校','小学'),(50,'昆山市周庄中心小学校','小学'),(51,'昆山博顿幼儿园','幼儿园'),(52,'昆山大公翔艺幼儿园','幼儿园'),(53,'昆山淀山湖中心小学校花园幼儿园','幼儿园'),(54,'昆山东方合丰幼儿园','幼儿园'),(55,'昆山东方剑桥中城幼儿园','幼儿园'),(56,'昆山高新区城北幼儿园','幼儿园'),(57,'昆山高新区翰林幼儿园','幼儿园'),(58,'昆山高新区娄汀苑幼儿园','幼儿园'),(59,'昆山高新区鹿城幼儿园','幼儿园'),(60,'昆山高新区美陆幼儿园','幼儿园'),(61,'昆山高新区南星渎幼儿园','幼儿园'),(62,'昆山高新区前进幼儿园','幼儿园'),(63,'昆山高新区青淞幼儿园','幼儿园'),(64,'昆山高新区水秀幼儿园','幼儿园'),(65,'昆山高新区西塘实验小学附属虹祺幼儿园','幼儿园'),(66,'昆山高新区西塘实验小学附属幼儿园','幼儿园'),(67,'昆山高新区新华舍幼儿园','幼儿园'),(68,'昆山高新区振华实验幼儿园','幼儿园'),(69,'昆山国际学校附属幼儿园','幼儿园'),(70,'昆山花桥曹安幼儿园','幼儿园'),(71,'昆山花桥国际商务城花溪幼儿园','幼儿园'),(72,'昆山花桥国际商务城聚福幼儿园','幼儿园'),(73,'昆山花桥国际商务城启航幼儿园','幼儿园'),(74,'昆山花桥国际商务城鑫苑幼儿园','幼儿园'),(75,'昆山华城美地幼儿园','幼儿园'),(76,'昆山经济技术开发区蓬欣幼儿园','幼儿园'),(77,'昆山经济技术开发区世茂幼儿园','幼儿园'),(78,'昆山开发区包桥小学附属美华幼儿园','幼儿园'),(79,'昆山开发区晨曦小学夏驾幼儿园','幼儿园'),(80,'昆山开发区晨曦小学幼儿园','幼儿园'),(81,'昆山开发区东部新城幼儿园','幼儿园'),(82,'昆山开发区绿地幼儿园','幼儿园'),(83,'昆山开发区蓬朗幼儿园','幼儿园'),(84,'昆山开发区石予小学附属幼儿园','幼儿园'),(85,'昆山开发区世茂蝶湖湾小学幼儿园','幼儿园'),(86,'昆山开发区珠江御景幼儿园','幼儿园'),(87,'昆山千灯中心小学校美景幼儿园','幼儿园'),(88,'昆山三之三新城域幼儿园','幼儿园'),(89,'昆山圣欣美德幼儿园','幼儿园'),(90,'昆山市爱儿法幼儿园','幼儿园'),(91,'昆山市巴城翡翠湾幼儿园','幼儿园'),(92,'昆山市巴城镇凤栖园幼儿园','幼儿园'),(93,'昆山市巴城中心幼儿园','幼儿园'),(94,'昆山市柏庐幼儿园','幼儿园'),(95,'昆山市城北富士康幼儿园','幼儿园'),(96,'昆山市大市中心小学校附设幼儿园','幼儿园'),(97,'昆山市淀山湖中心幼儿园','幼儿园'),(98,'昆山市东方巴城幼儿园','幼儿园'),(99,'昆山市东方幼儿园','幼儿园'),(100,'昆山市枫景苑翔艺幼儿园','幼儿园'),(101,'昆山市汉浦书香幼儿园','幼儿园'),(102,'昆山市红峰幼儿园','幼儿园'),(103,'昆山市花桥中心幼儿园','幼儿园'),(104,'昆山市机关幼儿园','幼儿园'),(105,'昆山市江南春晓幼儿园','幼儿园'),(106,'昆山市锦华幼儿园','幼儿园'),(107,'昆山市锦溪中心幼儿园','幼儿园'),(108,'昆山市陆家镇育才幼儿园','幼儿园'),(109,'昆山市陆家中心幼儿园','幼儿园'),(110,'昆山市陆杨中心校幼儿园','幼儿园'),(111,'昆山市南港中心小学附设幼儿园','幼儿园'),(112,'昆山市千灯镇浦园幼儿园','幼儿园'),(113,'昆山市千灯镇少卿幼儿园','幼儿园'),(114,'昆山市千灯镇淞南幼儿园','幼儿园'),(115,'昆山市千灯中心幼儿园','幼儿园'),(116,'昆山市仁宝幼儿园','幼儿园'),(117,'昆山市三之三大德世家幼儿园','幼儿园'),(118,'昆山市三之三雍景湾幼儿园','幼儿园'),(119,'昆山市三之三幼儿园','幼儿园'),(120,'昆山市圣欣幼儿园','幼儿园'),(121,'昆山市石牌中心幼儿园','幼儿园'),(122,'昆山市石浦中心幼儿园','幼儿园'),(123,'昆山市实验幼儿园','幼儿园'),(124,'昆山市实验幼儿园金谷园分园','幼儿园'),(125,'昆山市实验幼儿园澞和苑分园','幼儿园'),(126,'昆山市私立育英幼儿园','幼儿园'),(127,'昆山市西湾幼儿园','幼儿园'),(128,'昆山市西湾幼儿园富华分园','幼儿园'),(129,'昆山市新城幼儿园','幼儿园'),(130,'昆山市新镇中心幼儿园','幼儿园'),(131,'昆山市星空艺术幼儿园','幼儿园'),(132,'昆山市绣衣幼儿园','幼儿园'),(133,'昆山市玉山镇北珊湾幼儿园','幼儿园'),(134,'昆山市玉山镇朝阳幼儿园','幼儿园'),(135,'昆山市玉山镇城北福娃幼儿园','幼儿园'),(136,'昆山市玉山镇城中幼儿园','幼儿园'),(137,'昆山市玉山镇城中幼儿园共青分园','幼儿园'),(138,'昆山市玉山镇第三中心幼儿园','幼儿园'),(139,'昆山市玉山镇第一中心小学校幼儿园','幼儿园'),(140,'昆山市玉山镇司徒街小学附属幼儿园','幼儿园'),(141,'昆山市玉山镇童心幼儿园','幼儿园'),(142,'昆山市裕元实验幼儿园','幼儿园'),(143,'昆山市张浦镇第二幼儿园','幼儿园'),(144,'昆山市张浦镇锦程幼儿园','幼儿园'),(145,'昆山市张浦镇新昆幼儿园','幼儿园'),(146,'昆山市张浦镇周巷幼儿园','幼儿园'),(147,'昆山市张浦中心幼儿园','幼儿园'),(148,'昆山市张浦中心幼儿园英伦分园','幼儿园'),(149,'昆山市正仪中心幼儿园','幼儿园'),(150,'昆山市中华园幼儿园','幼儿园'),(151,'昆山市周市镇光大幼儿园','幼儿园'),(152,'昆山市周市中心小学校附属幼儿园','幼儿园'),(153,'昆山市周庄中心幼儿园','幼儿园'),(154,'昆山鑫茂幼儿园','幼儿园'),(155,'昆山阳光圣杰幼儿园','幼儿园'),(156,'昆山玉山镇童乐幼儿园','幼儿园'),(157,'昆山周市宏盛幼儿园','幼儿园'),(158,'昆山周市金澄幼儿园','幼儿园'),(159,'昆山周市五丰幼儿园','幼儿园'),(160,'中福会绿地昆山幼儿园','幼儿园'),(161,'昆山高新区吴淞江学校（初中部）','中学'),(162,'昆山国际学校','中学'),(163,'昆山经济技术开发区国际学校','中学'),(164,'昆山开发区青阳港学校（初中部）','中学'),(165,'昆山市兵希中学','中学'),(166,'昆山市城北中学','中学'),(167,'昆山市第二中学','中学'),(168,'昆山市淀山湖中学','中学'),(169,'昆山市费俊龙中学（初中部）','中学'),(170,'昆山市葛江中学','中学'),(171,'昆山市花桥中学','中学'),(172,'昆山市锦溪中学','中学'),(173,'昆山市娄江实验学校（初中部）','中学'),(174,'昆山市陆家中学','中学'),(175,'昆山市鹿峰初级中学','中学'),(176,'昆山市蓬朗中学','中学'),(177,'昆山市石牌中学','中学'),(178,'昆山市石浦中学','中学'),(179,'昆山市亭林中学','中学'),(180,'昆山市新镇中学','中学'),(181,'昆山市秀峰中学','中学'),(182,'昆山市玉山中学','中学'),(183,'昆山市张浦中学','中学'),(184,'昆山市正仪中学','中学'),(185,'昆山市周市中学','中学'),(186,'昆山市周庄中学','中学'),(187,'江苏省昆山中学','中学'),(188,'昆山经济技术开发区高级中学','中学'),(189,'昆山陆家高级中学','中学'),(190,'昆山市第一中学','中学'),(191,'昆山市费俊龙中学（高中部）','中学'),(192,'昆山文峰高级中学','中学'),(193,'昆山震川高级中学','中学'),(194,'江苏省昆山第二中等专业学校','中专'),(195,'江苏省昆山第一中等专业学校','中专'),(196,'昆山花桥国际商务城中等专业学校','中专'),(197,'昆山黄浦幼儿园','幼儿园'),(198,'昆山市陆家镇夏桥小学','小学'),(199,'昆山康桥学校','小学'),(200,'昆山市玉山镇民办玉山小学','小学');

/*Table structure for table `scores` */

DROP TABLE IF EXISTS `scores`;

CREATE TABLE `scores` (
  `id` int(11) NOT NULL AUTO_INCREMENT,
  `user_id` int(11) NOT NULL,
  `f1` varchar(255) NOT NULL,
  `f2` varchar(255) NOT NULL,
  `f3` varchar(255) NOT NULL,
  `f4` varchar(255) NOT NULL,
  `f5` varchar(255) NOT NULL,
  `mark` varchar(255) NOT NULL,
  `created_at` datetime DEFAULT NULL,
  `updated_at` datetime DEFAULT NULL,
  PRIMARY KEY (`id`),
  KEY `user_id` (`user_id`)
) ENGINE=MyISAM AUTO_INCREMENT=87 DEFAULT CHARSET=utf8;

/*Data for the table `scores` */

insert  into `scores`(`id`,`user_id`,`f1`,`f2`,`f3`,`f4`,`f5`,`mark`,`created_at`,`updated_at`) values (41,2,'科技教师培训','','','','','','2016-02-29 07:52:40','2016-02-29 07:52:40'),(2,52,'科技教师培训','','','','','',NULL,NULL),(3,51,'科技教师培训','','','','','',NULL,NULL),(4,271,'科技教师培训','','','','','',NULL,NULL),(5,29,'科技教师培训','','','','','',NULL,NULL),(6,36,'科技教师培训','','','','','',NULL,NULL),(7,161,'科技教师培训','','','','','',NULL,NULL),(8,169,'科技教师培训','','','','','',NULL,NULL),(9,30,'科技教师培训','','','','','',NULL,NULL),(10,235,'科技教师培训','','','','','',NULL,NULL),(11,165,'科技教师培训','','','','','',NULL,NULL),(12,77,'科技教师培训','','','','','',NULL,NULL),(13,71,'科技教师培训','','','','','',NULL,NULL),(14,155,'科技教师培训','','','','','',NULL,NULL),(15,121,'科技教师培训','','','','','',NULL,NULL),(16,181,'科技教师培训','','','','','',NULL,NULL),(17,334,'科技教师培训','','','','','',NULL,NULL),(18,252,'科技教师培训','','','','','',NULL,NULL),(19,120,'科技教师培训','','','','','',NULL,NULL),(20,54,'科技教师培训','','','','','',NULL,NULL),(21,13,'科技教师培训','','','','','',NULL,NULL),(22,260,'科技教师培训','','','','','',NULL,NULL),(23,55,'科技教师培训','','','','','',NULL,NULL),(24,25,'科技教师培训','','','','','',NULL,NULL),(26,40,'科技教师培训','','','','','',NULL,NULL),(27,80,'科技教师培训','','','','','',NULL,NULL),(28,216,'科技教师培训','','','','','',NULL,NULL),(29,279,'科技教师培训','','','','','',NULL,NULL),(30,73,'科技教师培训','','','','','',NULL,NULL),(31,28,'科技教师培训','','','','','',NULL,NULL),(32,238,'科技教师培训','','','','','',NULL,NULL),(33,335,'科技教师培训','','','','','',NULL,NULL),(34,336,'科技教师培训','','','','','',NULL,NULL),(35,47,'科技教师培训','','','','','',NULL,NULL),(36,57,'科技教师培训','','','','','',NULL,NULL),(37,183,'科技教师培训','','','','','',NULL,NULL),(38,59,'科技教师培训','','','','','',NULL,NULL),(39,9,'科技教师培训','','','','','',NULL,NULL),(40,7,'科技教师培训','','','','','',NULL,NULL),(42,8,'科技教师培训','','','','','','2016-02-29 07:55:21','2016-02-29 07:55:21'),(43,64,'科技教师培训','','','','','','2016-02-29 07:55:47','2016-02-29 07:55:47'),(44,337,'科技教师培训','','','','','','2016-02-29 07:58:55','2016-02-29 07:58:55'),(45,277,'科技教师培训','','','','','','2016-02-29 08:04:05','2016-02-29 08:04:05'),(46,46,'科技教师培训','','','','','','2016-02-29 08:05:34','2016-02-29 08:05:34'),(47,58,'科技教师培训','','','','','','2016-02-29 08:07:19','2016-02-29 08:07:19'),(48,10,'科技教师培训','','','','','','2016-02-29 08:08:56','2016-02-29 08:08:56'),(49,49,'科技教师培训','','','','','','2016-02-29 08:10:23','2016-02-29 08:10:23'),(50,38,'科技教师培训','','','','','','2016-02-29 08:11:16','2016-02-29 08:11:16'),(51,287,'科技教师培训','','','','','','2016-02-29 08:13:54','2016-02-29 08:13:54'),(52,282,'科技教师培训','','','','','','2016-02-29 08:24:25','2016-02-29 08:24:25'),(53,149,'科技教师培训','','','','','','2016-02-29 08:36:01','2016-02-29 08:36:01'),(54,84,'科技教师培训','','','','','','2016-02-29 08:39:56','2016-02-29 08:39:56'),(55,42,'科技教师培训','','','','','','2016-02-29 08:45:26','2016-02-29 08:45:26'),(56,97,'科技教师培训','','','','','','2016-02-29 08:52:20','2016-02-29 08:52:20'),(57,223,'科技教师培训','','','','','','2016-02-29 08:55:49','2016-02-29 08:55:49'),(58,53,'科技教师培训','','','','','','2016-02-29 09:11:18','2016-02-29 09:11:18'),(59,275,'科技教师培训','','','','','','2016-02-29 09:19:07','2016-02-29 09:19:07'),(60,14,'科技教师培训','','','','','','2016-02-29 09:46:00','2016-02-29 09:46:00'),(61,294,'科技教师培训','','','','','','2016-02-29 10:12:26','2016-02-29 10:12:26'),(62,61,'科技教师培训','','','','','','2016-02-29 10:14:19','2016-02-29 10:14:19'),(63,268,'科技教师培训','','','','','','2016-02-29 11:08:47','2016-02-29 11:08:47'),(64,26,'科技教师培训','','','','','','2016-02-29 11:46:16','2016-02-29 11:46:16'),(65,218,'科技教师培训','','','','','','2016-02-29 12:04:28','2016-02-29 12:04:28'),(66,338,'科技教师培训','','','','','','2016-02-29 13:56:51','2016-02-29 13:56:51'),(67,339,'科技教师培训','','','','','','2016-02-29 14:34:03','2016-02-29 14:34:03'),(68,198,'科技教师培训','','','','','','2016-02-29 14:38:23','2016-02-29 14:38:23'),(69,276,'科技教师培训','','','','','','2016-02-29 15:55:14','2016-02-29 15:55:14'),(70,41,'科技教师培训','','','','','','2016-02-29 16:06:49','2016-02-29 16:06:49'),(71,340,'科技教师培训','','','','','','2016-02-29 16:10:27','2016-02-29 16:10:27'),(72,326,'科技教师培训','','','','','','2016-02-29 16:18:31','2016-02-29 16:18:31'),(73,273,'科技教师培训','','','','','','2016-02-29 16:32:43','2016-02-29 16:32:43'),(74,88,'科技教师培训','','','','','','2016-02-29 16:41:16','2016-02-29 16:41:16'),(75,259,'科技教师培训','','','','','','2016-02-29 16:43:57','2016-02-29 16:43:57'),(81,191,'科技教师培训','','','','','','2016-03-01 09:06:47','2016-03-01 09:06:47'),(77,18,'科技教师培训','','','','','','2016-03-01 07:35:10','2016-03-01 07:35:10'),(78,27,'科技教师培训','','','','','','2016-03-01 07:55:39','2016-03-01 07:55:39'),(79,32,'科技教师培训','','','','','','2016-03-01 07:56:05','2016-03-01 07:56:05'),(80,72,'科技教师培训','','','','','','2016-03-01 07:56:57','2016-03-01 07:56:57'),(82,89,'科技教师培训','','','','','','2016-03-01 10:31:21','2016-03-01 10:31:21'),(84,34,'科技教师培训','','','','','','2016-03-01 13:56:30','2016-03-01 13:56:30'),(85,285,'科技教师培训','','','','','','2016-03-01 16:22:02','2016-03-01 16:22:02'),(86,241,'科技教师培训','','','','','','2016-03-01 17:03:06','2016-03-01 17:03:06');

/*Table structure for table `signups` */

DROP TABLE IF EXISTS `signups`;

CREATE TABLE `signups` (
  `id` int(11) NOT NULL AUTO_INCREMENT,
  `name` varchar(50) NOT NULL,
  `default` varchar(255) NOT NULL,
  PRIMARY KEY (`id`)
) ENGINE=MyISAM DEFAULT CHARSET=utf8;

/*Data for the table `signups` */

/*Table structure for table `sysconfigs` */

DROP TABLE IF EXISTS `sysconfigs`;

CREATE TABLE `sysconfigs` (
  `id` varchar(50) NOT NULL,
  `value` text NOT NULL,
  PRIMARY KEY (`id`)
) ENGINE=MyISAM DEFAULT CHARSET=utf8;

/*Data for the table `sysconfigs` */

insert  into `sysconfigs`(`id`,`value`) values ('info_picture','http://'),('siteClosed','1'),('info','<center>\r\n<a style=\"FONT-size:24px\">科技教师培训报名</A>\r\n<div style=\"color:blue\"> </div>\r\n</center>\r\n<div>\r\n未注册的老师请注册一个新用户！<br />\r\n注册好后您的帐号永久有效，下次培训报名时无须再次注册！<br>'),('siteCloseTime','2015-01-28 12:00:00'),('totalLimit','0');

/*Table structure for table `users` */

DROP TABLE IF EXISTS `users`;

CREATE TABLE `users` (
  `id` int(11) NOT NULL AUTO_INCREMENT,
  `username` varchar(20) NOT NULL,
  `password` varchar(100) NOT NULL,
  `school_id` int(11) NOT NULL,
  `sex` varchar(10) NOT NULL,
  `sfz` varchar(18) NOT NULL,
  `tel` varchar(11) NOT NULL,
  `email` varchar(100) NOT NULL,
  `address` varchar(255) NOT NULL,
  `isadmin` enum('0','1') NOT NULL,
  PRIMARY KEY (`id`),
  UNIQUE KEY `sfz` (`sfz`),
  KEY `school_id` (`school_id`),
  KEY `username` (`username`)
) ENGINE=MyISAM AUTO_INCREMENT=341 DEFAULT CHARSET=utf8;

/*Data for the table `users` */

insert  into `users`(`id`,`username`,`password`,`school_id`,`sex`,`sfz`,`tel`,`email`,`address`,`isadmin`) values (1,'管理员','$2y$10$i8XqtlUc4zCYgAwj5DJT5u48T1ixSYOFrlZmjPPX9FwsGWWpKM8oe',0,'','','','','','1'),(2,'顾杰','$2y$10$IY9KI2tZjc7AwmOh2lw3XexoJQk2r3zXeoS4Nr1hTrlhzynJsb1U6',6,'男','320522198002270036','15506250512','ksgujie@126.com','昆山市黄河北路127号','0'),(6,'计建华','$2y$10$Pja6H/ZOYUf/s7rIAkc8E.aSlv6edn5rorMkpp9NNAxlvtjo/lUs2',16,'男','320523196907312138','13862600922','ksjjh@sohu.com','昆山城北紫竹路508#','0'),(7,'张进','$2y$10$1oYVVAmgsJ2hZNfKGKg8keY7ZFi.XK0Mb2FfVBdpUse6gmgUABawa',34,'男','320502197803291013','13584942766','szcszj@163.com','昆山市玉峰实验学校','0'),(8,'姚晓娟','$2y$10$19yucbO8Fbhc11MWVhUAkOi2AcGzLj6aTMUN12GFwU7IP9PUocEmi',22,'女','320584199109154741','18550059108','curtain.yao@qq.com','昆山市玉山镇思常路6号','0'),(9,'严文娟','$2y$10$3Jlj9bop35Dw8Vb8EZMgmeaEo5O0ci20sQRHl2T1YwXYX7Zwz/3mq',7,'女','320583199101220680','18013270092','283466361@qq.com','江苏省昆山市太湖路18号','0'),(10,'薛楸','$2y$10$fl/TwzWWHbiu4OAEgnI3YeJ3HRNxkZeZw4QeJWaEG8CWEPdp9NhJi',2,'男','320583198709070014','13806269399','xueqiu8@qq.com','昆山高新区北淞路88号','0'),(11,'杨丽玲','$2y$10$E0UueM0rbElOL85GN7bdoenVX5E4GrTJUQVu6psKp6OXLLMrJYQpC',3,'女','32058319900527462X','18662681945','yllclover@163.com','昆山市玉山镇西塘街8号','0'),(12,'钱斌','$2y$10$sAdfDqq2HCkqWy.6lya93.YlAMhj2W1LTTc9xNHF5P0NG6gI1reka',10,'男','320583199011206332','15950089685','monybin@163.com','昆山开发区青阳港学校','0'),(13,'朱月良','$2y$10$os10VXZG.eLV3h50xnfShexPsAAjZFnhGD6cMRVJ4I1gJLRo8njYG',26,'男','320583198910233815','18051893602','262239819@qq.com','昆山市玉山镇震川西路1000号（培本小学西校区）','0'),(14,'邢玉奇','$2y$10$MRoY2y0xHV6Hrf4rngztpu0Cc.qIaeqMkstiFCxd1cvZBVVKVpiYq',39,'男','320583199008170236','13584911344','1158371530@qq.com','市后街紫藤花园109','0'),(15,'王龙','$2y$10$52V8QRjB7v7aYRyybbKCveupuKR93lMzuSzTB9N1lZij6oGwh.1Re',46,'男','320523197602264678','15950160014','ks.asn@163.com','昆山市巴城镇正仪街道信义路10号','0'),(16,'姜平','$2y$10$ZuuN4gfyq/iXensOVTvKqeQqJj5NA/NbMeXbak39dHF1W/.nOa2mq',178,'男','320583199111203315','15862645664','425922220@qq.com','昆山市石浦中学','0'),(17,'徐磊','$2y$10$fqnlvHJWFy5GAzqiFc4BqOMPh4uIXBkjYx/rQY9Q6pw5BRBxmSS.q',42,'男','320583199110092115','15062462360','978037075@qq.com','昆山市裕元实验学校','0'),(18,'周学文','$2y$10$ozSJdXXaggFsvINPmDM.OOz/L.wXTkfGlz3iHQjn6liQWxHJ/92K6',184,'男','32052319730811461x','13773196994','zhouxw6034@sina.com','昆山市正仪中学','0'),(19,'吉平','$2y$10$BzlrJ6YU.Axq.Hbfo9M/ceMbspgbPQ7REm8lKOI7u9BEcAcSRZ4GG',165,'男','320882198102154676','13912692520','jipingys@163.com','昆山市兵希中学开发区漓江路66号','0'),(20,'金强龙','$2y$10$OoMOAGIdK3E2II.53U2fDe4hocsOFEYXV3iYOW5gptidBRGBKv/ku',49,'男','320583198806162519','18862439849','625678742@qq.com','昆山市周市镇和惠路1号','0'),(21,'朱辛彧','$2y$10$dNfEikVDbisbAkJ3oIzD4eP263R0i/iaC2/t.dOV6Z5Pg.kx9fG.6',31,'男','320583199111082517','15250228122','342998948@qq.com','昆山市石浦街道卫丰路1号石浦中心校','0'),(22,'姚征花','$2y$10$pCR5LVupixHOpKtnKEy.6OUiGtqk0EPVv7/s2LpMUq9nsStoWIvUK',183,'女','320583197911278527','15051698536','354677670@qq.com','昆山市张浦中学','0'),(23,'洪涛','$2y$10$bbDYvBpPD7PfJd7d8it2CO8Kw/nvVH..kiZSIHGTsX5R7TV75/2.O',180,'男','32058319890730941X','15850319212','347111681@qq.com','昆山市东方路新镇中学','0'),(24,'沈丽梦','$2y$10$zd4ZH95Og33UshMZFSrsmuasjvLI9aaGVez2kaQCcIU6KhOOPI0b6',174,'女','320583199203092923','15962613079','277370426@qq.com','陆家中学初中部','0'),(25,'陆洁华','$2y$10$.eyXaIwph04wuc8GdCS2wusqEeApnsM58Yp55WTImpLbVDK86SorG',45,'男','320583199112018111','13451769548','lujiehua@cntv.cn','昆山张浦镇商鞅路688号','0'),(26,'徐益平','$2y$10$TOOVKy4X5Iv2zQfynrBKeerpSOwlmja4Wz6xFZPhYUSbpAqxJmNA2',21,'男','320583199110211030','15951860411','766346249@qq.com','昆山市锦溪镇锦富路421号锦溪中心小学校','0'),(27,'张磊','$2y$10$fsmTpdEiNHFEwaUB0bxX9Ob5hfm01ofwHhNPSA36BBfrjdzdFTtnG',41,'男','320583198704199417','15250131107','cmdss3345@126.com','昆山市鹿城路618号','0'),(28,'朱大强','$2y$10$05UXgdej5dCTB5I2hkVw/OIP1sPs/zgiet5kt1mlKKBlbI.PtzE3y',47,'男','320828198505150217','18862200186','2017892@qq.com','江苏省昆山市周市华城美地小学','0'),(29,'胡丽萍','$2y$10$gqxPeZ.3JYTFXHBxUp9MdOXYfKh9PLmI63HRiz7YMeL0DZgHBfS4O',27,'女','320586199111146823','15006211423','515398308@qq.com','昆山市天文路88号','0'),(30,'沈陈','$2y$10$8rxLlI1I1xp5XExIB/lPiOud06oIwkGnNbCGpxPK5lQR346hZodK2',173,'男','320583197908239412','15050289505','shenchenxiaoxiao@163.com','昆山市娄江实验学校 思常路6号','0'),(31,'张磊','$2y$10$aC/K9u7sLohQbm2X7Q5zeOEqHhrxzFa9.kKeOQt0OLxOL5k4y/iEm',15,'男','320583198509296318','18662450929','181070604@qq.com','昆山市东门街16号','0'),(32,'顾文','$2y$10$PvpTSGHWEA9/emYIu0jZp.E/JKLhAHZ2VmnnHqgxOPyUmEetGJS0q',19,'男','320583199301247116','15190137237','532999132@qq.com','昆山市淀山湖镇','0'),(33,'张国鑫','$2y$10$fsWmKe1/KzDrTDiGC5a2Mu1H6NVPvvI4UgRC6VKdBzdB5eefqHugO',18,'男','320583199007048511','15050212364','415052445@qq.com','昆山市大市中心校','0'),(34,'万国勤','$2y$10$zcvkWVgfm6WNQpQGJftYrel3qp5E7LUQPEy1ouWoEq1.KvYd9rLBu',162,'男','220105196506042239','15850324628','492150413@qq.com','昆山国际学校青阳中路288号','0'),(35,'李良','$2y$10$58ikyvBEf/D.yTM03YSfc.mRPtbR0wfURnq3ise8Xu.SbwGaFNs9K',167,'男','320523197408240015','57577328','171196069@qq.com','环北路92号','0'),(36,'黄悦峰','$2y$10$50LalBnvjM4N4TX.sHfPreFGI7grqM/59YOAHsC7JYj7uO2sZphwe',5,'男','320583199101153836','15895658913','527884817@qq.com','昆山经济技术开发区包桥小学（娄东路101号）','0'),(37,'沈纪平','$2y$10$zwx1mGoLhPOUgSibI6XuE.yfeWTy6iVfWnYywDxrVm4GpRjcozOj6',5,'男','320523196901074212','13912683276','980136271@qq.com','昆山开发区娄东路101号','0'),(38,'曹俊','$2y$10$0HbstVtSamPIm0mxPWNK7e2krbxrXS2T91UrwtX4tJEaaR3241bhm',20,'男','320583198906061053','13225129552','1377859087@qq.com','昆山市花桥中心小学校','0'),(39,'曹励杰','$2y$10$.5Wduy6s2jVq6wV8J2gdvuHi62DbbPOwQX3K0QQYi3mtjmGsQtMPe',28,'男','320583198610123315','13656260683','36340765@qq.com','昆山市千灯镇卫泾路9号','0'),(40,'胡菲','$2y$10$6z2G2aQh7sGPe9ntZxrqpOzywgdIjHnw1wHguUVOLNVzeBn9bhpQK',8,'女','321084198804296126','15250185267','634220567@qq.com','昆山经济技术开发区中华园小学','0'),(41,'朱佳燕','$2y$10$T2.09WLBZQvzUXWahzDxX.2c0PFlP5amVfZUkNTLuZn/LC1p04Og2',176,'女','320583199010319626','15950087175','1131270895@qq.com','昆山开发区景王路36号蓬朗中学','0'),(42,'徐晓彬','$2y$10$gLAmVhe9rU80Sj2UVM14MuHjhVnua0NbIPgBMV5q4waUdsOGaC0EG',24,'男','320583199104075917','18626253668','357315796@qq.com','昆山市夏驾园贵苑40#401','0'),(43,'徐小寒','$2y$10$zlFB9Hl/EnEWK/mJcUI8X.PsTsOMpV9BqKW0wh9L9G6QDiPdVGyp.',43,'女','320586199101067224','18896902119','maomao.hanzi@qq.com','昆山市张浦镇长泰路212号','0'),(53,'马静强','$2y$10$yJHtQqtlFrTo47SI8gZAyuG3y7reoUYT6XqRKfaD12pdgyJ/651GC',44,'男','32058319901005105X','18662260963','85581066@qq.com','昆山市张浦镇周东路9号','0'),(45,'徐峰','$2y$10$eXKvpBlnfIMed/XX2/GJ5uWp.Bm45P3NC8WoBEDedWC/d2F3u7nVK',170,'男','320583199004275516','13405156827','1003636839@qq.com','昆山市葛江中学','0'),(46,'陈晨','$2y$10$9GRwPE/izT3X2YXQce6LUON.ei4j493OceEIg98vvKlV591JDDdH2',36,'男','320583198909069616','13962667118','1281021636@qq.com','昆山市三中心小学','0'),(47,'朱耀良','$2y$10$wCrm3P1XL1efaVFf94vT4.N9mapEpaCHyUZbIiUMQEnWuxz1e/p9C',18,'男','320523196411158536','13776318963','13776318963@163.com','昆山市张浦镇学新路88号大市中心小学校','0'),(49,'徐春芳','$2y$10$61O2zJ5rqW5eN23fbRAUieoInaA.qmMUqmEfKqJw0xfEhA8wTDz7u',20,'女','320583198804213343','15950181173','daxiaxz@126.com','昆山市花桥镇金城路95号','0'),(50,'庄翌明','$2y$10$Nk3FMia9l9Zs61Otm5mrjegSFJZuwc3VfQkItJr58S3Vr6GIf/6mG',9,'男','320583198506277111','13773127157','247486113@qq.com','昆山开发区太湖路166号','0'),(51,'金鑫','$2y$10$8yWwT8Xadi6fvK1WLjGGiuFA/HP/pHYSEzjmvyspWZshl8gxC2mVK',15,'男','320583198702261037','13511626645','jinxin0226@126.com','江苏省昆山市东门街16号','0'),(52,'刘青','$2y$10$LU3oEvaCsW1GSkYqWwifXOwOEMP0xIi14pFGqAxbJTxsFRIvVK6.e',2,'男','320583199105040214','15950007011','ks910504@qq.com','昆山市高新区北淞路88号','0'),(54,'李文兴','$2y$10$GLef9gs70pfqZF8iCseBNORtvPX2fW6fssVzKBGGdHqLbo1PqGYFS',169,'男','320523196304270696','18962683738','ksbclwx@163.com','昆山市巴城镇景城南路56号','0'),(55,'徐静','$2y$10$EMZyYI2rgSDtgIMPr2f/9eKS9XEOupsFsIW6a2VrYk0CNAEhl0u9u',173,'女','320583198911187128','15106130830','jingjing7128@163.com','昆山市玉山镇新华舍45#305','0'),(56,'陈恒','$2y$10$5eZApd50n0LiJIZLcje0GuCQtFG/Q7hIXitG8yTWOgusMQM1OKFe6',19,'女','32058319871128162X','15995668986','631864987@qq.com','淀山湖中心小学校','0'),(57,'张胤','$2y$10$Y5QY46gyLdFuQopE35SSgeq34xBq5GwHDthAmpqXKnS1QNPQD2brm',165,'男','320583198310268918','13913211940','zyhemiao@163.com','昆山市漓江路66号兵希中学','0'),(58,'曹创建','$2y$10$Y2NxFQ4kFDwVla4ZEc6ojOP9Duk5uzw/qzISQzNSAltrYQEMlwyRK',23,'男','320583199204102513','13584959763','249732269@qq.com','昆山市陆家镇光夏路588号菉溪小学','0'),(59,'顾德贤','$2y$10$vccIU30LVt9NV54SqVnQ1eZII1qHoRGICYukAL3417MX/U1WhQnQ6',38,'男','320582198711146719','13862392101','327648840@qq.com','昆山玉山镇司徒街小学','0'),(60,'汤忠弟','$2y$10$beB3xLk55VHsNt3whMnL..QC0aC3XpwFlOvFGU1JdftRcfwTZT0T.',32,'男','320523195704127616','18915732660','tangchti@163.com','昆山市实验小学','0'),(61,'吴金根','$2y$10$F0ssec3SktiVKkxPfkEkxe7MXDoYkqeNKQ5w5CxCNiAX8aHYAlXFm',33,'男','320523196212184256','13606263608','wjg661608@126.com','昆山周市镇东方路57号','0'),(62,'朱诚诚','$2y$10$dLzQVJxC4BB3Bwi/RRAVo.dZ.NhaByne4qcvStEB9TEAc0aLTMU3K',179,'男','32058319811201671x','13812897921','luyangxly@163.com','昆山市亭林中学','0'),(63,'吴小芳','$2y$10$Kg5mIZJGLzJ4NJ5TFdxksOOUI.N6/yQoWa25spVHw/9bkrRgJm3Ra',35,'女','320583198612312144','13451781124','912138025@qq.cn','昆山市玉山镇朝阳小学','0'),(64,'金凌怡','$2y$10$lrErp0ZtNugz4ER6Rij4BOv.gh4BqL06CSHOxr618.mtT217/iTfW',30,'女','320583199108263843','18021298818','313751736@qq.com','昆山市玉石路石牌中心校','0'),(65,'李美元','$2y$10$s2zFfm3J5u/cwjFVa80WeeIzz9WPuhqJRoCbJpd96AbkfHe6FRDPi',14,'男','320523196502172114','13912683082','ksbclmy@163.com','昆山市 巴城镇 石桥巷25号','0'),(66,'种婧','$2y$10$UstCFD.xsN5yoA9JxJ9L6.YOk9deF5wWd1qqG5bTL3GUslo3ggjyC',182,'女','320583199102279422','15862687187','1165469529@qq.com','车站路228号','0'),(67,'杨茜媛','$2y$10$ZIwrrby1qI7IvNw1LPv9zuoSI3n9q9psqQrocWKXMg63m2Ec6XgPS',39,'女','320583199103140422','18012679099','188945676@qq.com','昆山市同心小学','0'),(68,'潘亚燕','$2y$10$ZadReq.1B6gWeVWSJxDwreX5EsSfZXYp7zLrVtZoQV0J5nFDE1qPS',49,'女','320583199008135529','15250163811','916748369@qq.com','周市镇和惠路1号','0'),(69,'张舒怡','$2y$10$E0yDb2vRnP2AOJS7JxY.oehmSSNEgHAV4SZgaHK65eOpTEXYB3.36',170,'女','320583199202192922','15962642342','zhang254572161@qq.com','江苏省昆山市合兴路 葛江中学','0'),(70,'张伟超','$2y$10$tyLLx/s/PZR7JBcZuvPzyeO41ptN8lkZNdAyTsWlc2MXkBae.gz/m',28,'男','320583199106295534','15862676386','448066068@qq.com','千灯镇卫泾路9号','0'),(71,'徐玉燕','$2y$10$dLY3Sh.3BAahIFm.4gv2lOMMMK4YyZoJij9fzikDJnhxtaVviaHZe',22,'女','320583198804118522','15051686226','762469834@qq.com','昆山市思常路6号','0'),(72,'吴婷','$2y$10$EjKaycfpSqpOxkWvZjL9BuvWzmHE95Q7pnVXz/mEVl9Sea8mmsMom',41,'女','320583198706014623','15850312536','494644909@qq.com','昆山市鹿城路618号','0'),(73,'胡晓东','$2y$10$YwbWYj4ttW6ZrQIJWNQb/OPsaqCRdaeR.9WjnXo3Ek2p/1SR3qeru',171,'男','320583199006176714','15962680164','811290799@qq.com','昆山市花桥镇花桥中学','0'),(74,'陈旭东','$2y$10$jxMXUJxlNDUYD9hqTp6w/.eqMWVuEj982VwylEtij9TlYIOyCPxQ.',164,'男','320583198912231039','13013751143','787225685@qq.com','青阳港学校','0'),(75,'陆晓金','$2y$10$uKTautuMdArgKr84B9/hhO4vYOas6sL2xV1jpTKZ/Nu0r6.JblWSa',164,'男','32058319901107961x','13773057359','249919585','青阳港学校','0'),(76,'汤伟宏','$2y$10$5r7QzQtQ7Z9JmPEkNtsN4.hvIT1Yt9fFIIv3HWFB1Sl9cXIygYXIe',50,'男','320523196204028915','13952459308','e_twh@163.com','江苏省昆山市周庄小学','0'),(77,'王晶','$2y$10$712J40N6OhWBvC/Nnz.7COLEX48q.si9oXmGj.IxFKbfa9sa31JRi',9,'男','320583199109140431','18962659425','27353139@qq.com','琼花新村','0'),(78,'徐铮','$2y$10$W5bbAjG0kdMAsBEnQIERGOr4oHRAeOz52HrP.MrXegyHiVzFv1a7.',37,'女','320522197012150025','13862641201','xuzheng1215@163.com','昆山市集街178号一中心小学分部','0'),(79,'邓惠林','$2y$10$k8ePhbHmg6FI9LIvJxQiyePkQkZC9h1qTkfbxhQu3xBpj.0AEvMPq',25,'男','320523195906138110','13584950381','zpxxsou175@126.com','张浦镇南港街道望江路173号','0'),(80,'谢静','$2y$10$LRv8kl6wvzSpidWKyZbybuqY/upevCjPpWc99hpGuo4lkyitpCzCm',195,'女','320583198003209424','13962639022','8510085@qq.com','祖冲之南路1768号','0'),(81,'陆阳','$2y$10$DtKWOUQe20wJncDXjO//7uqqYMaSu1k.dpex3ePJLfHja6mSIJZrG',179,'男','320926197105231016','18625042660','luyangxly@163.com','千灯镇昆山市亭林中学','0'),(82,'金彬','$2y$10$DH9KOCH7Dvcd9jZgkzcTpe1h5/JiSf5atISHWOeFReFDBR0NVS3zq',26,'男','320583198511103319','15995651019','272010575@qq.com','昆山市玉山镇北后街下塘40号','0'),(83,'刘胜华','$2y$10$Ih85mfKZaXoEVALq8V8vtOKrVrZK4xRQ0EmXp7Z7pHBRtybKoI/Fu',47,'男','320523197605182512','13962630999','613931888@qq.com','昆山市周市华城美地小学','0'),(84,'王洁','$2y$10$nFbQgHro5pF2vLSUM.2usO.EhzCurNbUiiOE3HG3CIQouPgZQY3PS',39,'女','320583199001190429','13915481021','356064639@qq.com','昆山市玉山镇崇科路89号','0'),(85,'王志华','$2y$10$NUIV0h63SPL35BdupyxfP.hVDlxAnIS5OyWYFZp/dM2E46E97pV46',167,'男','000000000000000000','00000000000','kswangzh@163.com','昆山市环北路92号','0'),(86,'曹鸣飞','$2y$10$V6q6eXzsTsBBNqXT6IPY3eCvzvZUwMIQ9VUp8jFcOkEQqoNvPJXEy',16,'女','320583199307291628','15995602518','644906899@qq.com','昆山市城北高科园中心小学','0'),(87,'高艳','$2y$10$RAXFQ/AkiCc1Y1xzxoebNu.RVS3Ypqh7NMET1wxeSVg7sr0lWNgu2',32,'女','320483199209185025','13861139903','852355873@qq.com','昆山市玉山镇西塘街26号昆山市实验小学','0'),(88,'林黎','$2y$10$5FszoVUUjjs8DOL/8wo3H.sOUQToA/BaIpSpaTwwx5K/MlvEBQ60u',162,'女','320522197110060023','15306228021','linl@ksis.org.cn','昆山市青阳中路288号','0'),(89,'陶伟华','$2y$10$OfKns/IaO48DwPVli5xnVOpwuETX3ub.sZuhj47g8gsq25ByFflgy',162,'女','320523196411091167','13962699740','397463107@qq.com','昆山国际学校','0'),(90,'沈辰悦','$2y$10$BbNhKjxJaV80aoFZOKeWU.H11Ty5XOjFpBjkmIJyNxdcV7k1aycUm',162,'女','320583198803270223','15062680072','408001628@qq.com','江苏省昆山市青阳中路288号国际学校小学部','0'),(91,'刘永吉','$2y$10$LWozc/nePW4czmcd3zHMzuZL8GYb828bdReFIaSXkXGhcjUJSkBaq',24,'男','320522198108100051','13962635003','23284728@qq.com','昆山市陆家中心小学','0'),(92,'程广云','$2y$10$aWM7oUN/364fqxkFAiax1.ZylUHLmyX7ZwSh7S0E5rF3VJjRXxjti',195,'男','320523197112295113','18012689035','294273482@qq.com','江苏省昆山祖冲之路1768#','0'),(93,'刘芳','$2y$10$NTHoqt/arjFtf31UGK5.k.WjrphVEaxOeAfAvvOCLbUFt/vFInGPO',195,'女','610302198002133528','18012689119','ksliuf@gmail.com','江苏省昆山市祖冲之中路1768号','0'),(194,'毛丽丽','$2y$10$fO5PlLh7Rq38/SOMX2Zzk.vSgemanXiQhTs5jQmMLauMuip4uBOkS',31,'女','320582199009066442','13812991656','1138724209@qq.com','昆山市石浦中心小学校','0'),(95,'黄丽','$2y$10$N8k.fiUmYxruRmjWmEBBdu5TmzQk6IMIqwi7mrq.nP1ANu5m76KKe',7,'男','320829198703060040','15995660103','706462912@qq.com','昆山经济技术开发区千岛湖路18号','0'),(96,'顾梅华','$2y$10$0zHROD9qdIF9muHsKSHamODOGTaX9rAyPILDDCQVL0MYBr4B0lCp.',27,'女','320583197708066326','13812898137','ksmaygu@qq.com','昆山市蓬朗中心小学校','0'),(97,'张芸艳','$2y$10$X53gffqbTBCyveUmf4Z3VuHg5zGjFrHTy.EhqvX9R8lJByC.E5SHS',34,'女','321281199109110664','15962609521','506838459@qq.com','昆山市玉峰实验学校','0'),(98,'邬方良','$2y$10$7oThlueGRNGPIkeDaKPEg.wHIkCJKmIn4ZMhaA12rdClCoYjLf2pS',45,'男','32058319870812763X','15962632582','593696381@qq.com','昆山市张浦镇商鞅路688号','0'),(99,'姚晓燕','$2y$10$fDsfQDEvUvaxRTleS3S9gu2zTL3yh072h/5U0hyv3YhQrIdU9UQRu',45,'女','320583198711048529','13862658956','396032522@qq.com','昆山市张浦镇商鞅路688号','0'),(100,'谭世略','$2y$10$ZGGPw53xGIV796QGKes4yeKiU19sFbjqDMuz0YewGP8JbSNsY7w/C',168,'男','432831197910111212','18914968527','phytsl@126.com','江苏省昆山市淀山湖中学','0'),(101,'赵士伟','$2y$10$kqOpfhJ3h9V4rI/YMzbF1OmHd/9eszfT0qAZldOvXCc.eatnYZLt2',46,'男','320324198601011257','13814943511','215347','昆山市正仪中心小学，信义路10号。','0'),(102,'周益','$2y$10$qsY7oiIJeJL6A2xDQnNlN.s7P2/mp/8knV8GPRZxD2TjHKBsS/yhq',183,'男','320583198709030434','15162602813','65760939@qq.com','昆山市张浦镇翰林路88号','0'),(103,'金雅','$2y$10$SPzlH3BICWB7GyG1yh0VROD3f8/jL7nXt6baIUjxPX4orPu62wW7O',28,'女','320506199110104523','15505234709','1392677973@qq.com','昆山市淀山湖镇淀山湖中心小学校','0'),(104,'黄秋琰','$2y$10$Zq11lRZme7.OyK4wXS94f.fjAuVD3Nit2uD9glRVeRuLAfmQWKOH2',178,'女','320830199008081085','15852909302','240976042@qq.com','昆山市千灯镇石浦街道鹤峰路1号','0'),(105,'左水银','$2y$10$7zGb23tbMwuUrv4KMXgvw.WN.XYrT54SYJb5cUnpGZKtxsKBwa9pG',169,'女','430219198007015828','18962683881','46383579@qq.com','江苏省昆山市费俊龙中学','0'),(106,'张华','$2y$10$NigBNjj0mzNdbQSUx2GVZe07ACCzvKyouNerXixsPSWHxtfWtsPMG',19,'男','320583197712087111','18914951077','zhanghua208@126.com','昆山市淀山湖中心小学校','0'),(107,'唐伟川','$2y$10$C6b5mq3t6R.lUEeQaYEHf.ApBrNA1q7YEN6mPU41AWy98K2/bZUQO',185,'男','320523197507265517','13776315036','dark3696@sina.com','昆山市周市镇迎宾中路800号','0'),(108,'雷梦婕','$2y$10$LBzblLMTf/UQmpsWQMiaDugp8FMlewzJLzZDS9rLpICkMR3U7kVlu',17,'女','320583198912203820','18601421627','lmjlmj_2008@126.com','昆山市花园路943号','0'),(109,'於芳','$2y$10$a6X40eFHJEEmJRMbXvBY3.MTUuVWaaHXORAIjxgwIhe/OEuFpoMsm',29,'女','320583198905021025','15051609161','651453504@qq.com','千灯中心校','0'),(110,'丁菲','$2y$10$AXpAWFTO8a1oH.o9280vKerSh/soRzdd1hnNwk/dtLMezYFMTSG9i',50,'女','32058319901209212X','15062660121','924007113@qq.com','巴城镇年丰小区','0'),(111,'龚静卉','$2y$10$A2o6R1Y/ziTXIZzcD9rA3eiXoaLpn4hRAsIB/aHI3.osbt9Cr1MmS',41,'女','320583199201137649','15962630591','397178155@qq.com','昆山市玉山镇鹿城路618号','0'),(112,'陈嵘','$2y$10$FOg86YcbOo7mXxmsYMG54uhHQB4/6IYlhdADhhskpKU1J.vXh97UW',27,'男','320583197508056318','18796844056','691535713@qq.com','昆山市蓬朗街道天文路88号','0'),(113,'王春燕','$2y$10$jjbeu3nU1.MHAgQRt9BCPeb54wXjUwTOk5EckiNjdr763nl3YxLrq',26,'女','320583198811171620','13285156763','215300','玉山镇北后街下塘40号','0'),(114,'陈建明','$2y$10$Ky3m4ZEz8Kf8FjFhdBMU9uPro2KFUUi0.kGw8EFNqKNeNmndEzZkq',33,'男','320502196807021016','13912690329','ksxzxx@126.com','昆山市新镇中心小学校','0'),(115,'陈亚婷','$2y$10$NdNmrGJaA1ZCIsiKX4vHauvDtPnyfxMZLMHLhOmv8qjyWE1GYUOZm',195,'女','32058319831105046X','13812897935','535945990@qq.com','江苏省昆山苇城南路1768号','0'),(116,'高晨怡','$2y$10$INf6NtTSXx9uzIGT3UNyx.H2uWszwLdzj033TRnfY/sPvt0URo47y',3,'女','320583199010122129','15850301824','739464190@qq.com','高新区西塘实验小学','0'),(117,'朱诚诚','$2y$10$aI/iM0CVPMV9SZTZBsshyeNdSU6XhalXNU.oX021tgzgBkOGuZw3i',179,'男','3205831981120161X','13812897921','zcc_19811201@126.com','昆山市千灯镇尚书路66号','0'),(118,'陈启明','$2y$10$SFFuvJ.hRHWzl65C6NE.ZObE/CE7XmGe93bn1peoqG3EODCib6etS',15,'女','320583198808250045','15850309360','308682852@qq.com','昆山市柏庐实验小学','0'),(119,'陈丽','$2y$10$3ed0wrcLBZhA.RgeX4oeROwjJxAbzIFrYncxqLcc1ijtEX15WTVHi',42,'女','320583198811214248','15190183212','8396459822qq.com','昆山市周市镇白塘路裕元实验学校','0'),(120,'朱正良','$2y$10$e93791DKBa5aSln1Zk9rMuSEDH5mMcXYdG9O.tFa4hLcHVrsVNnhm',47,'男','320522197203120013','15995654439','jskszzl@163.com','昆山市周市镇鑫茂路1208号','0'),(121,'张玉洁','$2y$10$k38Au6M72bBuBaMUR.igyupklFQ16XdB7Ue1Ybwqtwb/pjLjkhs9G',49,'女','340122199009156785','13962632889','zhangyjhf@126.com','昆山市和惠路1号','0'),(122,'范珍珍','$2y$10$2C6fQ0rRvn/NvH5dzX1jxObImb8GvO/0WxdRYNvYTlkeiRlDhQGvy',134,'女','320583198904027628','15062670655','945039145@qq.com','昆山市玉山镇朝阳幼儿园','0'),(123,'沈静','$2y$10$G.aUFU3z0tqasi02NYifVeRbnsKJp.ECPTMrBgsGq6HxhSC1hpIVO',79,'女','320583198304025928','13913288542','506887204@qq.com','昆山开发区乌江路8号','0'),(124,'陆小红','$2y$10$6vAy7VzVhr33Q1R8iOdCrelRva231XGT1PBnN5MgfEE/CMTHcaNza',127,'女','320511197712242044','13914987587','562177458@qq.com','昆山市西湾幼儿园','0'),(125,'顾小娟','$2y$10$f3jrlLjjcm/jR/b5p68P9Ok7rJCmNB0n77v8N13crgsw39dhNNJKS',116,'女','320583198111271102','18962659625','108874070@qq.com','昆山开发区咸子泾路55号仁宝幼儿园','0'),(126,'王丽珍','$2y$10$KlwDytir7xezJVwh13DkJ.p661SYeHg1eX.NeuK.K0Cs5DYIjBWnW',130,'女','320583198607184221','13862643218','81814192@qq.com','昆山市东方路102号','0'),(127,'杜静娴','$2y$10$V3UIpDtSUpkjZkNAGeox8OWb51AhZl2SYoknqDRaY03GnmrR1Iw/e',107,'女','320583199007024624','13913255403','401934967@qq.com','昆山市锦溪镇中心幼儿园','0'),(128,'王琴','$2y$10$Cs6ORWEb3H9EQ2gS0cHXX.dvrwEyys8unFMpcsY.A8rduoZ5t4GjK',132,'女','320511197808062048','15862688330','daxiongma0511@163.com','昆山市绣衣幼儿园（昆山市绣衣新村20号）','0'),(129,'陈可','$2y$10$X9Fo1QAg8zdS4ZigAv4NNuvienuL4RRYursQB1nJ9vNadLqu39UuG',115,'女','320304198604175526','13915750798','282102113@qq.com','昆山市千灯镇少卿东路220','0'),(130,'徐金金','$2y$10$Q3I1Vhr.MfH0RYFjQfKSmu9hRBR/xviSCyAK0b5WZ58Hyj62pLw.e',28,'女','320583199012216727','13862654335','296947296@qq.com','昆山市千灯镇炎武小学卫泾路9号','0'),(131,'陈思琪','$2y$10$CDq4DjB1HQOsNyY9AtoLxuBQgYaZMLkb4Rh1ITO7pQpM9ov4XbIgu',28,'男','320583199101088528','13962649558','416562556@qq.com','昆山市千灯镇卫泾路9号炎武小学','0'),(132,'王明娟','$2y$10$xfTHwzeF3yg40uHAl065quPbveoMpf89VY6E.CZPxHk6ZqR7D7ex6',50,'女','342423198404192663','15151618732','ll520wmj@163.com','昆山市周庄镇淀南路269号周庄小学','0'),(133,'冯超','$2y$10$ln/vcvhzHFNU3tB16Nd6A.i74K0eJXiVOsG1tEdMtqqLtWUWaSG3K',28,'男','320583199106065915','15862664681','1007486977@qq.com','昆山市千灯镇炎武小学','0'),(134,'金韬','$2y$10$QkQNxA4HxCQWE8adndeJMuwFYeE.CEh1w2/XfHGuikglUk4WUZ9Eu',195,'男','32058319831102021x','18012689070','809506892@qq.com','昆山祖冲之中路1768号','0'),(135,'卫忆新','$2y$10$9r2u/w4nrshW6dJLsMPT1.5sIWIFlN7BV/xU3YhR3TSoIFPejuFoS',9,'女','320583199004295920','15850368715','1152299797@qq.com','昆山市云山镇阳光水世界蓝湾苑15#201','0'),(136,'徐静','$2y$10$14rF0rWyUEEkd7FlMGCkNeQFuY0DpuzusfdCFH2Rqe42TpQCICg4C',109,'女','32058319880116294X','13912652829','ljyey@sina.com','江苏省昆山市陆家镇南粮路20号','0'),(137,'许敏佳','$2y$10$A1X9SRQhgXmXnQJFp2cyj.oBkQiIa595D2vLv3Maql1pXxe0koi4S',103,'女','320583198911102921','13285151350','xmj1014@qq.com','昆山市花桥镇花溪路483号','0'),(138,'邹子怡','$2y$10$pNQen.9b0WclmHi/4kNF9.p9BR1hBHOrE6E42dzoXa4ksJ6vDu6Hu',48,'女','320583199205075924','13405672323','www.497837661@qq.com','昆山市周市镇永平小学','0'),(139,'倪勇','$2y$10$RBBVNcUSPIp19UuBU72/pev27t4ae4k8bprSD4vE4aI/j/S.cBDcu',36,'男','32052319751120555X','13451792592','317142908@qq.com','昆山市朝阳中路11号三中心小学','0'),(140,'姚益阳','$2y$10$TagoBwOgHdQl9RJjTLMqsOU589YvuNyFlThT/FiF8W.TMP1KjFRCS',37,'男','320523197102250210','13912666526','yaoyy71@163.com','昆山市玉山镇南街108号','0'),(141,'李顺夏','$2y$10$BONlN1cHTqaq7QzZsh2jReQmojligRcsbO0tHkroWM2PAdRO/swEu',56,'女','320583198506211024','13773111015','353996985@qq.com','昆山城北花园路943号','0'),(142,'马骋','$2y$10$mKIokDdAJ.siDxFjS1H3sOdoyGe6CUA.W0Qscrog2Lv4ueNczngLS',133,'男','320583199110060439','18012663068','837716230@qq.com','昆山市樾阁北路337号','0'),(143,'许明华','$2y$10$HNSdBAtfSJcAEr6psUhkUuWm3z/tvGlef6rBNFP4Vxr6VZs/Wv0Pi',2,'男','320583198802292535','13773119465','xmh12344321@sina.com.cn','昆山高新区吴淞江学校','0'),(144,'蔡凌飞','$2y$10$58Y3LsFHK/VNwQNvTymhZuPso2VtL9xLn2ChAkreNWXdHnbf9vZN.',177,'男','320582198911080316','15162326543','631976091@qq.com','昆山市石牌中学','0'),(145,'曹倩','$2y$10$P20.zcOlrYXYcveDwK9lUOxMmSfIpM.C6S1tXPyo5Na9na4Yvasi6',38,'女','320583199007033328','15051623983','609993943@qq.com','昆山市玉山镇司徒街下塘64号','0'),(146,'戚诗语','$2y$10$RgO3OiO.8iUFupPHISSMseKkzmGpOcUbEsqKjjc0bcbAEm9i.1eJ.',60,'女','32058319940206022X','18626186900','1029310318@qq.com','昆山高新区城北恒盛路美陆佳园桂苑3号楼601室','0'),(147,'朱伟','$2y$10$GA24lDZhyrBnP4bC2DoOK.CH7PY4T62hFzHZqnFCn9I6CRBi1R.hy',161,'男','32058319900830103X','15370756124','632053657@qq.com','昆山市高新区北淞路88号吴淞江学校','0'),(148,'吴佳微','$2y$10$FJFSlEAB7d4mo6U9y0zGa.w5UFVhEAWX2x2bIaxX1YiQZ/NLuKnRS',166,'女','320583199201242123','18261626850','405599453@qq.com','昆山市城北中学','0'),(149,'屈蒙琦','$2y$10$Ew72EEXI5knH/GkZ4jXDf.wGDuAxh4mu9WYJWP6bAHR0qb646jKdW',20,'女','320586199202152727','18862160650','929960048@qq.com','昆山市花桥中心小学校','0'),(150,'金玮萍','$2y$10$Gdg7Lc3W7/3N8dmfVGOB9.Lu8gaoXOyaaR5A08i2U.HP0CjO3FH7C',166,'女','320583199203077125','13451777740','360774673@qq.com','昆山市城北中学','0'),(151,'尤静玉','$2y$10$GAXC/RWhFbdHo84SsZi6g.gZQ4PEMVkaUW0Ygs5O9raZiGIkufmPG',97,'女','320583198812177127','15962623217','285876745@qq.com','昆山市淀山湖中心幼儿园','0'),(152,'沈育','$2y$10$S.3WycAiiqeAOwq/p/00ZedWENBof9qghpkjlh0.72MNfut7lzDQu',166,'男','320583199001220210','18962637889','cbzxshenyu@163.com','昆山市永丰余路211号','0'),(153,'周遐','$2y$10$JDSAYk72COwtDgVB2yQOQO3qSxXWXlWgRI5JajaBQkQpXRg/1Bw8e',185,'女','362502198008200841','13912662369','zhouxia0944@sina.com','昆山周市中学','0'),(154,'朱蓓','$2y$10$rRdBD2sUm4R5.NVVeb9BMueDEBJgMfSvTXXcRlcmZORpe9qxvcnDu',185,'女','320583199103062129','13222976064','110945988@qq.com','江苏省昆山市玉山镇水秀路濂园139号','0'),(155,'龚华','$2y$10$cnBwpkrSsHS9NZloKBUbmuLKz2xt72ZMUfdl5gNPZi2.0IHC17ihu',33,'男','320583199004054211','13405115143','747091106@qq.com','昆山市周市镇东方路57号新镇中心小学校','0'),(156,'童卫','$2y$10$lR2.gqPNelEfuvYYYr79JO4psJJ8OSEWCwyCnj8AZEGgVr2RDNHPK',168,'男','320828197810065612','15895669050','909578485@qq.com','昆山市淀山湖中学','0'),(157,'黄珍','$2y$10$WzhulsdsbJECdJuAtvxAeeRscN.6dG8AJ3/BIFMt2VaFNka4O79pm',168,'女','320583198111167129','13913237183','3884887@qq.com','昆山市淀山湖中学','0'),(158,'丁盛乐','$2y$10$KRiri3eJjeNxfzLJTof.L.w1d5aTMXV/Txsflg9tXHiqFxm/vYqxC',168,'男','342425198809230018','15962673659','724703275@qq.com','昆山市淀山湖中学','0'),(159,'陆未茜','$2y$10$c1J3Ss7nsHDhxl4VLFj0uucw9TldFoVvUSZUv34Gb8mxNsZZGiRo2',103,'女','320583199201283347','15962645733','667liang@163.com','昆山市花桥镇花溪路483号','0'),(160,'陆文元','$2y$10$hkL0d58dk.xeiMaPFeJrAepKiwo7LfBUESxUlRJniFtqPkfWFkaAm',16,'男','32052319690120091X','13405213696','1004345076@qq.com','紫竹路508号','0'),(161,'任峰','$2y$10$wmwBe/b20LrYporRZJUZU.IR36kaz4rrbxGhWWmbolNAtswqrVa4u',186,'男','320583197809088938','13862397786','itfeng2002@sohu.com','周庄镇周同路1号','0'),(162,'蒋夏','$2y$10$/h1HrKGB7zcHKE4p4I0lHOPHX0VbBNIg.5KgNxNJnVSPsvopubJFm',9,'女','320583198005275927','18912653527','jxksbx@163.com','昆山开发区晨曦小学','0'),(163,'屈晓清','$2y$10$z9Jj73f6fCl/DFKy7qLCP.N14MFKrvrNV9wAgETVuOEhqtPWZTPhK',34,'男','320583198801198117','13511620996','693695305@qq.com','昆山市马鞍山东路188号','0'),(164,'杨梦婷','$2y$10$LToROIjQkeqysk4NjNMw0.C.8YMuCMCt.vKtu11sc86H49Gi95nLi',38,'女','320583199106301068','15962695984','349954072@qq.com','昆山市玉山镇司徒街小学','0'),(165,'沈菁','$2y$10$2pDQQqwRkqOKFjdsiOibl.ry7dvyB5t93SobB0z1gybLoeBuxAhra',28,'女','320583199001318920','13812975124','760905698@qq.com','昆山市千灯镇炎武小学卫泾路9号','0'),(166,'顾倩颖','$2y$10$Yp736y0k2QW8mf/0GuPd6uqUqnqr2EwU81hHvnSFLHSy7izupzAcu',61,'女','320583199304060023','15262626977','771217957@qq.com','江苏省苏州市昆山市玉山镇高新区南星渎幼儿园','0'),(167,'孙思华','$2y$10$SWsEvlT.70tYRCnNkrV8UunQDYofE65DXnZDEWXoQLnicwYXt7F82',44,'女','320583199010100480','13913223351','395450712@qq.com','张浦周巷小学','0'),(168,'胡荣','$2y$10$UIDvZ7BGbuuDrg.mir8VPuVbCuD0qlxgizD.osWgiGLfA861pV8ki',171,'女','320322199002048228','13584998964','1056978211@qq.con','昆山市哈花桥中学','0'),(169,'陈雪刚','$2y$10$O4V6XqqdSIFWyDGqgZcSGeeq1Gbn.kQxN4OmI.40Wiuv12SGJ9IMG',25,'男','320523195802088155','13511621083','1292116477@qq.com','昆山市张浦镇南港街道望江路173号','0'),(170,'俞晓燕','$2y$10$MjlQw.fBk/BUTut7e5kSROnJgtxhOHAe5383P9U2cMJqqXBhe6xea',102,'女','320583198312142948','13701416609','170348434@qq.com','昆山市红峰新村20号','0'),(171,'荣晓红','$2y$10$uazOrH.jd018pLIZrDpCSe5H2QHh.y4Hpi0sc8D7Igwz5W6ih7npi',106,'女','320583198103145122','13912690920','rxh315@163.com','昆山城北玉城新村16号401','0'),(172,'陆晓慧','$2y$10$i.WtJ6xjWTcE.LOjSS/.bOweFEa/Bl3ZqwBcKSHzZkkX71TUVMlnK',76,'男','320583199210102931','18626175348','909944283@qq.com','昆山经济技术开发区蓬欣幼儿园  昆山市蓬朗镇西邵泾路68号','0'),(173,'徐夏平','$2y$10$lPf7YB1MC3VYeE9ohBEh5u1MYpu1gYnKJB3JVt5Oh0.X1OcMLOig6',57,'男','320582199107063915','13952442733','631770411@QQ.com','娄苑路55号','0'),(174,'高敏','$2y$10$QFmv/kpiqrsjxZI7bStuVOH4qc6Ubis/HZB/qW17HJ6Tz9BQmx/mC',93,'女','320586199402223665','18118140549','738299136@qq.com','昆山巴城镇景城南路90号','0'),(175,'陈璐燕','$2y$10$CXnEGbD/vK5ifbhIsC8Vo.i9.mGOyXrVaZwfVqTzyHAjeBDz8pke.',165,'女','123','123','123','123','0'),(176,'张远','$2y$10$UXS03V2wlzEiMTROAMB2veD45/nbBAa2yIHawTb2t6fT.aL7N96SK',197,'女','320583199211154223','15962539625','695671127@qq.com','昆山市周市镇金龙路黄浦幼儿园','0'),(177,'钱玮强','$2y$10$jEllz63rQUlakkYOpAYtJuqIbLGR57YWzFMfnYUuBmZZcdBKm0hxW',25,'男','320583198608012130','13773114706','765785735@qq.com','昆山市张浦镇南港街道望江路173号','0'),(178,'夏燕','$2y$10$sDwa0BK3SVDFVYsP7faiQuabTx0DQgwsWFEB9bgH.QmWwp5U04pje',178,'女','320583198605160226','13962666870','149931314@qq.com','昆山市千灯镇石浦街道鹤峰路1号','0'),(179,'张静','$2y$10$JQnpgrP1ggvhm5g0JXMXdOOgxel5.c6gGPiKar68eoBXzds9JhSqa',178,'女','320583198711061088','13451756170','yidouyang@126.com','昆山市千灯镇石浦街道鹤峰路1号','0'),(180,'庞承云','$2y$10$bXGvB3DY2cuS/JEfDPY5MOhbmuZP1aDUInnNzNHtv8NgaeA2t3KxO',46,'女','320502198002041262','13862654670','827052191@qq.com','昆山市正仪中心小学校','0'),(181,'徐耕楠','$2y$10$0JA0Ll.A7mU/dJ7T5qjUzOUCRis0GvPxSzIoPiKwZiPnwFLePHTGu',46,'男','320523195610094657','13952450392','2100089034@qq.com','昆山市正仪中心小学校','0'),(182,'闵雯','$2y$10$RaWwrG0Y2UyCMsqkcpjISuE0.E9a6UlW/BSPT2UCYb8sh/pPgXcMW',123,'女','320583198110160283','13862602217','ziyan_connie@sina.com','昆山市南街98#实验幼儿园','0'),(183,'金玉燕','$2y$10$TOiHZ.LVqi/tzcRJOKxrV.p2RS6EYA6UlBIKr1f3lj9SmZIu2490q',3,'女','320583198807184648','13914963443','303953511@qq.com','昆山市玉山镇西塘街小学，西塘街8号','0'),(184,'陆旭婷','$2y$10$Qj8zjDyqmhzgrdUyM9Ake.n3hKhXodQGQPLgLDyZ1pLslL3Olpf7O',21,'女','320583199008271029','15950163577','lxt19900827@163.com','昆山市锦溪中心小学校','0'),(185,'金立萍','$2y$10$EQCAc6dNmy2FjLzr1Zp6me4CAGyd/hRQJ6A3f.x3oLV2dzEjeZxKu',104,'女','320523197211050429','13951183883','ksjlpjenny19721105_@sina.com','昆山机关幼儿园前浜34号','0'),(186,'沈金燕','$2y$10$1QJIM8YaMlDp9IpoIIDavuvSWuKoixAu/CKkSaCYs20EIWGkUoh8m',5,'女','320583198901188928','13405670450','yannie5500@126.com','昆山经济技术开发区娄东路101号包桥小学','0'),(187,'林烨彬','$2y$10$GW09LlawK5vZCPga2CSMpucqBWxcI/1dICV2s0tbkx0isQ9TBkMta',79,'男','320525199205032517','18662582342','lyb3476@163.com','昆山开发区乌江路8号','0'),(188,'冯秀娟','$2y$10$S/Nx6y6i1EB3aXSp5TxkAeCJ.OJobCzgGSRzXJeieGFR2QCEf/Ch6',128,'女','320583198106116722','15962685762','545295868@qq.com','昆山市西湾幼儿园富华分园','0'),(189,'曹苹','$2y$10$lditdxICxp8CCn5R0z2yE./M34ab7lY2fmubS92fV9cAF7L.WPf46',67,'女','320522199203293925','13862271516','623317740@qq.com','昆山高新区新华舍幼儿园萧林西路82号新华舍小区33幢','0'),(190,'黄琼','$2y$10$YvkkdvYny2.JBxKStQbqJ.XUM393KgOevGCMK0QxbPh4dqDzb.QsW',30,'女','420502198107160069','18913262710','38246384@qq.com','昆山市玉石路石牌中心校','0'),(191,'顾静','$2y$10$pzCT6vASxzn5Xp/CCFyEv.iRo3me6vnAzz2nkA14jEoeWFSpdweIq',83,'女','32058319860817632X','13621548060','307580516@qq.com','昆山开发区蓬朗幼儿园','0'),(192,'马龙超','$2y$10$nFovIFjWuEXz46it6Im57u7jJLLyEDMKTMIrbQfZO62trIm2lT9n6',83,'男','320583199301170016','15062644754','41819911@qq.com','昆山开发区蓬朗幼儿园','0'),(193,'韩燕萍','$2y$10$NmaVDa2CofXbbky.N7M9qeGUpHuhQafbp6FZ2diyI13n1oEQ1g5.K',35,'女','320583198708300447','15962415965','502949265@qq.com','昆山市玉山镇明星路1800号','0'),(195,'陈强','$2y$10$ew5/NQLTy09dwepFTi4eT.ghX78DNCjsNHUc1W0KiY6sDP6cBICIm',24,'男','32052319740828291X','13862674837','1072283820qq.com','昆山陆家镇富荣路2号','0'),(196,'钱文杰','$2y$10$PjlnR/jENCu0YyrSIC48Re4AgHNJRDKrLdCabJaNbuiGWD5lJxiX.',29,'男','320583199011306712','15501330829','849092635@qq.com','昆山市千灯中心小学校','0'),(197,'邵小燕','$2y$10$3HmA0WuEWsuy/bca7oLZ2emTZNzXbVFBZ2gM0kVUdULLmwsDdJzua',190,'女','320583198110030665','13862613335','shggsxy@126.com','昆山市第一中学','0'),(198,'唐佩蕾','$2y$10$BYGNHIxHzOUqfNJu316UruNnxtIj5ouhDzckrWsWLYQuG77z5zP3y',42,'女','320583199105207627','18260241091','329354209@qq.com','昆山市周市镇白塘路368号','0'),(199,'叶方林','$2y$10$FOHBOd7igO1KsKo.y9qsl.2ruofTD81yu3EN0Aq5bz68PdhrnqOSe',190,'男','320523196202160410','13812932900','ksyzyfl@sohu.com','昆山市第一中学','0'),(200,'冯雪菊','$2y$10$1O.ZNgST5DKULOhIjyES3O8OWbqn2a/hdFmBKO1d3.nbLoyf/Sg0m',42,'女','320583197803307124','13862615597','19547708@qq.com','昆山市周市镇白塘路368号','0'),(201,'俞娅','$2y$10$omazr6kzm2WWY5Qn.t2Ei.Z9H7W4oApoeX1tnOElk4h.ESB3O0vh2',121,'女','320511197908262063','13773138611','272542991@qq.com','昆山市石牌中心幼儿园','0'),(202,'卢羽佳','$2y$10$MyqGtCvjb91uV.KRCPK6rO9lECLawoIt1e82xBxqE1S.pcxcSSfIq',114,'女','320582199107033628','15950972983','736035556@qq.com','昆山市千灯镇淞南幼儿园','0'),(203,'陈潇芸','$2y$10$FP6WtBRJH9gMTFmEnzRi5einDmuIYkdK93acDQFSbS2VcQduDnuKu',153,'女','320583199402058920','18962650479','435528595@qq.com','昆山市周庄镇龙蚬路186号','0'),(204,'赵静','$2y$10$J8qiBYGQh9MU7d0zq9v6quqpKC2k23guBE/1vFb/gxHO2z3PH9Rmu',6,'女','320502198011071260','15050266607','jskszj1107@163.com','昆山市黄河路127号经济技术开发区实验小学','0'),(205,'柳健','$2y$10$dFn/EfgYt8z6PYFHwJ2qrOgxz5ZzUdX7ELtLm29mNwJhbTwgM8bvW',172,'男','34060319781120021x','13862638134','13862638134@139.com','昆山市锦溪中学','0'),(206,'朱雪平','$2y$10$mvqNR9pxq8xbueymHGjjMeoeE4jvAgh.KON0LKiOPHKD2Gc4.64pm',42,'男','320583198704113812','13912668132','569030491@qq.com','昆山市裕元实验学校','0'),(207,'陈霞明','$2y$10$xnMJbmWBvHGvj2n/UwwJ8.v92JM708PR9PI0eiBK.dJsXleZR2qHW',29,'男','320583198312301611','18505125182','christcan21@126.com','江苏省昆山市千灯镇尚书路108号','0'),(208,'夏雪花','$2y$10$EowjJLyOU8gTma9lMkk7ye40PC7c28sp8Z8zfgNN1zz1i9RW7Oij.',94,'女','320583197801162523','18914959215','173604714@qq.com','昆山市柏庐新村15号柏庐幼儿园','0'),(209,'戴静静','$2y$10$n9Ct5PcxQNILU7oy4on2Eu73OstnxQmhXgVS0oa0G7ohYkYs93m1y',5,'女','320583198706062123','15950916269','653120235@qq.com','昆山经济技术开发区娄东路101号包桥小学','0'),(210,'吴静','$2y$10$zNr19fua1sYN6lj702ayTeOBxm6s12R0w/5lmIhy8LTu1U2ttAZRq',179,'女','340505199209120424','15162668254','1981207956@qq.com','千灯镇昆山市亭林中学','0'),(211,'陈丽佳','$2y$10$9WnlBRg03gPOfb5pHaujE.5I2tDOChLJ/QX9We9sBczfTvaHc5JqK',122,'女','320583199308292921','15895635996','807001970@qq.com','昆山市千灯镇石浦街道卫丰路1号石浦中心幼儿园','0'),(212,'唐晓青','$2y$10$3.GUSqcl.P3vHgcDuf9vMeQxj4cNt42QX/MFwEANW.MmIo.SwsHPe',149,'男','320581199305044516','18751120936','1119499200@qq.com','江苏省昆山市巴城镇正仪街道信义路18号','0'),(213,'李丽','$2y$10$nrpuFlv0tLwW.R18QUyKUuOXn66DnKOsu3nMOilE3bJDAfQExIhF2',168,'女','34220119750331022x','15850332801','kslili@qq.com','昆山市淀山湖镇上洪路37号 淀山湖中学','0'),(214,'张映辉','$2y$10$BRn0FCyArsV7PjwHoM5sKuWu8w6SXYRq6OZMMruiLtR7AuvESlm26',95,'男','320583199205175511','15962525922','520082161@qq.com','昆山市城北富士康幼儿园','0'),(215,'王晓萍','$2y$10$DaZiP2ZSJ752x0uKYWIDrepxTw7FicPSZoMYLz.3Ph6kD/DlOcgty',3,'女','320583199008044643','15190195685','357634760@qq.com','昆山市西塘街8号','0'),(216,'魏明茎','$2y$10$9MFNp2vaUecTTmeo37drYuUTOQSPGa9LuSRx9H3DfSezyC2J.cK6G',195,'女','320923198301157824','18012689155','583114023@qq.com','昆山祖冲之南路1768号','0'),(217,'徐斯雯','$2y$10$VrFZve1CuFau/R1g6wZhM.m42/n78jrIyfRC3TYUxK.3RIzCds2YG',41,'女','320583199107080666','18662659078','glqxsw@sina.com','昆山市鹿城路618号','0'),(218,'俞诚忠','$2y$10$8iZ0QyEa74JIJin5fiquTe0AlLTKfz/LM1LfdVwl5HM20o0FJMed6',11,'男','320522196705027316','13962623528','yucz1@163.com','昆山开发区浣花塘路368号','0'),(219,'汤建华','$2y$10$nXItY0jqfgNd6SDNdw8MgOccJisULdW9EDyym8RPipxGY9VODIDK6',31,'男','320523197501226795','13306265587','103602056@qq.com','昆山市石浦中心小学校','0'),(220,'陆文龙','$2y$10$IH4hwoMsaihfiveq4SalFO9In.zybJ0PZvtOFJmxsN65EyEXcRIU6',34,'男','32052219690531001X','13584971511','1400480086@qq.com','昆山市马鞍山路188号','0'),(221,'沈士吉','$2y$10$KkkdidYvnsrc6qxyZDTzHuk1VNQlM0RHjYNjPycV8FgS0jDZ5xBNa',134,'女','320583198912084622','15951119601','215300','江苏省昆山市朝阳幼儿园','0'),(222,'周倩倩','$2y$10$DGhShkzm6h0MyQa9yeSnuO9dqK4rKT1qGpETBg/hz46vxAImK.XFW',179,'女','130522198810080622','18114421920','qqzhoug@126.com','千灯镇昆山市亭林中学','0'),(223,'冯恒园','$2y$10$/XZVO391VG0IUTPt5tvEMuORwgO8GrCsCeHRcth0MiyNQF8B0ZVdq',12,'男','320583198606156712','13862673810','yuan_007@163.com','昆山开发区世茂蝶湖湾小学','0'),(224,'谈琴芳','$2y$10$GQIALsqJimjZ2JyIqK2/pOWOPz6hre/0ZA3HKRwMBecmN0KTdit/S',17,'女','320583197311260921','13776312582','2293503332@qq.com','昆山市城北中心小学校','0'),(225,'秦胜明','$2y$10$0wQWMoQfoKJm4nNH5lp9O.q/W1MSWk.fAkT6Gcmf8QhXudj3IXrGi',182,'男','320583198509132938','13776364524','259577388@qq.com','昆山市车站路228号','0'),(226,'赵素恒','$2y$10$B/ihx.jddczJw8d7P8NLMOZTlcyzrr5U6pVzwRPbJo4Nsof0C9lXm',180,'男','320523196802084255','13773104528','1360878223@qq.com','昆山市新镇中学','0'),(227,'李媛媛','$2y$10$p1vygKE0Xo/acKDH54SjJuvnqhfkfmf0HdgJz6Kprxg64udaTQWHy',17,'女','341182198910091227','15262728639','860278728@qq.com','昆山市城北中心小学','0'),(228,'阳舜民','$2y$10$MExDndFXi/aOtVg/orl2oOswfoIKY9ZljMX4u/Db.8PzhAbyLI4M2',168,'男','340825197910120273','13812896641','373938037@qq.com','淀山湖中学','0'),(229,'金骏端','$2y$10$fzLujVM4iJ39n1.Y3N2HVOKbYvSUljSxdOD65PfjNJBSxDujzECj.',10,'男','320583199005281010','18651139309','619278707@qq.com','江苏省昆山市开发区西巷路58号','0'),(230,'许国忠','$2y$10$i4NehumOQk.UDWbQNAsp8.B8o4OmPvjcYMGZLG4ciGt6zdN7/SNlC',25,'男','320583198010287615','13915749390','zpxxsou175@126.com','张浦镇南港街道望江路173号','0'),(231,'姚其','$2y$10$kBWUqGHkZRdn9K33XwFAVuOKqDXKvZP/7GUsesrfqXMdbkgwh3ov2',14,'男','320583198202062111','15995699189','ksxiaoqi1982@126.com','昆山市巴城中心校','0'),(232,'平永敏','$2y$10$U9N0HfYQZOREUNtdIJTpRuo2XJH73d2H7rGmglU2AWj0/ohYYfDe6',189,'男','320583198110190431','13584912740','31853761@qq.com','昆山市陆家镇童泾南路99号','0'),(233,'吴基伟','$2y$10$2b4drKFnS2ki9TPi7oG4LOc96utyMXzlQijipILaISwSehMzFElNu',48,'男','32058319910208633X','18550301286','631963145@qq.com','横长泾路1号','0'),(234,'孙良','$2y$10$i0femk7le05Rn3Gov9Inf.PooFJyxP3vYKWSc2EEZ55e/IMkX/zPy',196,'男','330482198010235719','18013280519','274901424@qq.com','花桥镇花集路633号','0'),(235,'沈以春','$2y$10$IBAszdbHWJt.STtJtJXzH.fCzDvsNQfNw4tr6LLYpzjSkwYhZI7j.',42,'男','320583198303287117','13914982533','lucas990041@126.com','周市镇白塘路368号','0'),(236,'薛国琴','$2y$10$khR8UB2HdSyQEHL7Vg7bseGM3RzMZp.hOllHp49kIjYiLt8guXxyi',74,'女','320583198210303341','13862673830','58165331@qq.com','昆山花桥镇绿地大道189号','0'),(237,'薛雅之','$2y$10$JhCK4vvJSJTJHgYLlCF5zOB2SZkZaOM4/7kk0l4gH39YsKu22QOz.',65,'女','320583199308109429','15950181360','645722432@qq.com','昆山高新区虹祺路2288号','0'),(238,'王建萍','$2y$10$iaiU5vpGpHO7djsB5q89E.6qO/Hj8DFwfSu5oY2bjEOOf03CbQHTy',35,'女','320523196311020687','13732666153','15056018@qq.com','昆山朝阳小学','0'),(239,'陈荷英','$2y$10$XrLwhp.osW5EeYCacboiKuOE0yCElbDWwJfszpwrVaO0QSMV2Y4Le',106,'女','320511198106172263','13962632158','taobb.tbb@163.com','昆山市锦华幼儿园','0'),(240,'戴志文','$2y$10$d2pd8naUj30u52GNJ/eNGOwXQ0TscCt44yelVHDnkCsaYjeV/Wqf6',44,'男','320583199308017612','18251370687','daizhiwen469146640@qq.com','张浦镇周东路9号','0'),(241,'徐涛','$2y$10$0S2f5HbsO.0aR.AwZR6VfusnJgx1FmbS9NQG4OVH3pqXa4sDc9NMm',43,'男','320583199306010679','13913551011','695946115@qq.com','昆山市张浦镇第二小学','0'),(242,'陈瑛','$2y$10$w97T75hRTIQAbACMrEg/zOw7wf8T9pWIGL6nrQlyQTilScFbmrttu',143,'女','320525198909056846','13771672565','418902215@qq.com','张浦镇翰林路212号','0'),(243,'王阳斌','$2y$10$tjCd6ED/cHSUvO/J/gepnOXi2LmHIx1JM/CZBJ2O8mG2GwPRtISpe',29,'男','320583199307231019','15995606856','2436263357@qq.com','昆山市千灯中心小学校','0'),(244,'杨洁','$2y$10$9xq27srl0KobZcU2bEG8vu7QZJsgwLNNQllh0IVPgtREQJYJwGnhG',39,'女','320583199211198920','13057596391','471069351@qq.com','昆山市玉山镇同心小学','0'),(245,'冯天宇','$2y$10$3v5x1MJNAKMPjqfQJFEt3.9FjstEpkRZmrOGXNNi0Rq6nyQOLRzFe',176,'男','320583198906255114','13773184170','393345695@qq.com','昆山市蓬朗中学','0'),(246,'张瑜','$2y$10$vXxZaNVS95cuA2nY.9JgyuqEVKtH.5Oh1iCnWK7rgGW3wvSAjbhie',130,'女','320583198608265920','15951107725','252209874@qq.com','昆山市新镇中心幼儿园 东方路102号','0'),(247,'朱怡','$2y$10$g4dWi.aPODH2ZKi3mM8jJeYin/2csLKft8m297BtQkNomwH9YVhVK',56,'女','320583198512103820','18662253536','515551767@qq.com','昆山市玉山镇花园路943号','0'),(248,'潘艳','$2y$10$3QSwmPQ2JjDa9FfDqMVIJ.EPC8hiOmnjW/LjCIDMPhvKXZSDn4BCy',114,'女','320582199005263967','13962218610','437384569@qq.com','昆山市千灯镇淞南幼儿园','0'),(249,'吴怡星','$2y$10$kWhqK0yBG/8FbwkaGDwfguJJqY/x4D/a.diJv/lMDyI0Gamk4h6/q',94,'女','32051119820317202X','18606291833','185672420@QQ.com','昆山市柏庐幼儿园','0'),(250,'殷晓蕊','$2y$10$s8k7uliW.x7M80YijnYQwOvbJlqK68fPZbvDiJWVHpWAt7vaQwaye',158,'女','320583198802260226','13773175608','446533073@qq.com','昆山市周市镇金澄幼儿园','0'),(251,'吴斌','$2y$10$Q2p2AZMU/IweJ7QC7t0NJOLGqWtM8Fh3tHZT2Uvf.ffz.SEchMsEq',187,'男','320583197905240231','13915751298','jskswb@sina.cn','昆山阳澄湖科教园区传是路516号','0'),(252,'周奇雯','$2y$10$Pq977nhJ1EJecjH2RgkVquT8OwQJs76qosN0YochXn5X0OBb56V3G',17,'女','320583199107027689','13773132583','576390718@qq.com','昆山市玉山镇花园路943号','0'),(253,'徐琰','$2y$10$501Jvr118OOOu.htw7/VTe6ZWl3Fy6HxZnnwK6eALv5tTfvGfqvDG',127,'女','320511197707302022','13862610651','104601757@qq.com','昆山市西湾幼儿园','0'),(254,'邹金君','$2y$10$C5ISqgMsLBAveQSGTMAs0.Kx4Zk8oKgxxigueVA6Go4Tb.rEFp4F2',24,'女','320583198811302926','18261638182','843461611@qq.com','昆山市陆家镇富荣路2号','0'),(255,'于鼎','$2y$10$J1angXCnZXNLVHXnLDhkc.wzn5lbYzZH5JzZgtDYYZoDth7Qft2z2',24,'男','320923199304042111','15950924758','239198272@qq.com','昆山市陆家中心小学校','0'),(256,'沈超','$2y$10$gG0R4AN.ZJ9McB1Tpycs4unMEq9e1NslwmktLBLCwvpSRFNXtdjcK',127,'女','320583198609054228','13912651281','530282365@qq.com','昆山市西湾幼儿园','0'),(257,'王超','$2y$10$dXKXMAgv.kMwmLiXOz71bOjhP.WQB.3Lb6xw2KJjNPweZPuwTOx2q',53,'男','320583199210030237','13862678039','635050350@qq,com','昆山市淀山湖花园幼儿园','0'),(258,'虞天枭','$2y$10$Vyg0.GwPFHWK1.19wNXtsO/.4Yu//JRuSyRg9zGzV7V.ymDycLo12',97,'男','32051119940913201X','15358400010','987376180@qq.com','昆山市淀山湖中心幼儿园','0'),(259,'高丽丽','$2y$10$vr2ZyVkg3bu.OXxrXGT.luVMyCd24Pq7YNVhn4y2LdaqfYcYgAGZ6',162,'女','320583198811111046','15962627284','Gaolili19881111@163.com','昆山前进东路1109号嘉仕花园4栋1单元402室','0'),(260,'高政','$2y$10$/UXI/NCCVDWtQiJWFlqu5eZhl1Zv9hVflhfSKX8Lp1V5wgK8Q1AZC',182,'男','320583198909040418','15995662695','949489451@qq.com','昆山玉山中学','0'),(261,'何晗','$2y$10$8zmPNtziFxi4ZV9zDvN5qO/t/4nWnV4MzoQyUlpQtd8zL4sY1DX/.',174,'女','320583198912123329','18550332300','458692806@qq.com','昆山市陆家中学','0'),(262,'姚倩','$2y$10$K/70JWepqBYoRz0b..Rn..MgvvYTLePux7DZD8ZPnRStzFpIkFqc.',134,'女','320583198803238127','13773109323','530443841@qq.com','朝阳新村41号','0'),(263,'王巧玲','$2y$10$eejTsHOJQb8KFOUwD.2Cheu8hw4VzfNX7FTZ7FuF1cs5DyZPg7OW.',48,'女','320112199208170823','18151148180','741332371@qq.com','江苏省苏州昆山市周市镇永平小学','0'),(264,'左静芝','$2y$10$o/Ii/UWVB7/p2iiIOqRGHuCSW9Qu4UrR3EYjJOeuTZ8OF.NUzFO7O',128,'女','320583198511205526','13913273847','935072559@qq.com','开发区富华路富华东村','0'),(265,'赵梦章','$2y$10$qkvca2ta1fSHJdSFSPyFpO0KYa1P/Dvi5od3arUxN0foyCNwxaQF6',67,'女','320586199202272446','13390841892','may.azy@163.com','新华舍幼儿园','0'),(266,'蔡敏慧','$2y$10$YFXUw6Pe.iAvITX2Hp/b6ePeYfvOtBXHxZquipor4vSO2O0RChvaW',68,'女','320583198906097128','15995682870','526432585@qq.com','昆山鹿城路616号','0'),(267,'曹婷','$2y$10$lIvqaorgLb0PpbMhNI.FoeP8ZJc0ZRyO7bJIWxVza3mLjAd6wqQUq',167,'女','32058319811031254X','15250187027','meilirensheng1031@126.com','昆山市第二中学','0'),(268,'钱丹云','$2y$10$nJ7xbikgudaWptzWdnH4U.Shk3IXK3ODzo.Pz0aKNrALE5sVtNBMa',10,'女','320583199009200660','15298897970','1213844223@qq.com','青阳港实验学校','0'),(269,'陆贞珍','$2y$10$WPb.mUOPeLs7k7Vn6nS9e.ZyN1JCSGzqAXShFLfpax/5xRGwowFP2',62,'女','320583198909307143','15895631289','1079452882@qq.com','昆山高新区前进幼儿园，前进西路1702号','0'),(270,'倪佳敏','$2y$10$dPu3sP.ha3oCH5eyqiFeyequxb2CzeJuicHo/KN4uu55KPRIfKaN.',59,'女','320581199007120023','15106233002','292798649@qq.com','昆山市玉山镇鹿城路239号','0'),(271,'潘哲丰','$2y$10$j3pxe.wca6NKyE6tuZ22uOUWfc.90M.OQ5q/sJIjnXpVLHj5BqkTi',169,'男','320523197408182118','13912666535','zlj1975.12@163.com','巴城费俊龙中学','0'),(272,'周信宏','$2y$10$uiEo4xZr/K/OUc.uzAb.s.kG.vBDxCE9spj5zcPa3V9D3kATVlJFa',195,'男','320981197706294471','18012689056','54397410@qq.com','昆山市祖冲之路1788号','0'),(273,'周文燕','$2y$10$5dhUagKBT7q4Cw5JIJpujOYFvGb7cm2g7nx.QSqLvC86dIP6nOvJW',76,'女','320583198810317122','13776315205','609579348@qq.com','昆山市经济技术开发区西邵泾路68号','0'),(274,'张雪元','$2y$10$i/ty5kzw4cpUVmROcJyn2eUoQYuOI.mn4OooyyimXQBANcBTySjXC',17,'男','320523196509292514','18962657112','zxy7781112@126.com','江苏省昆山市城北花园路943号','0'),(275,'马玲玲','$2y$10$rnn2yWFrKdPzfO7sNKY2Bu9jKFD1s7TgarhT6aaiYTjUXhttHQP/i',37,'女','320583198601132922','13962674899','mll_mm@126.com','昆山市玉山镇第一中心小学','0'),(276,'张斌','$2y$10$a5g.pPV8jO810HltdDx5su1dp8O0RDL3CJipqPadjWYCQqqwSjIh6',4,'男','32058319830119331x','13773192550','24371804@qq.com','昆山花桥镇徐公桥小学','0'),(277,'韩旭','$2y$10$3rWkskLKU0.8xn7VrAzPLuhagve0qz976HjUEUMdumRyGwJWGA3eO',14,'男','320923199009081214','17768087895','641551968@qq.com','年丰路巴城中心小学','0'),(278,'吴淑芳','$2y$10$7o4rabk1kqrPMYoyamcODekRYzDr23QlTCHsZYXkCEJUzc7HtVyzO',4,'女','320583199006263324','15995620911','455801205@qq.com','江苏省昆山市花桥镇花溪小学','0'),(279,'赵宣东','$2y$10$w3LtDpFlQdfmLiEZLaLG9uEWGGMEWxaAuJvg3ASJP1FO.6.PPfn2u',50,'男','320523197302278912','13962639163','ufozxd@163.com','昆山市周庄小学','0'),(280,'陆含','$2y$10$IvYzPWp02RZCXBSxpTf5XuyvrkgkEuoJj4QtQ7i1xmsimheR3h362',179,'男','320583198209120011','15962689601','yywzhh@126.com','昆山市亭林中学','0'),(281,'宗佳','$2y$10$w9SuaDhMJTaDw6BBHo5pOuaJk0FxsWHZkp6laA3YTcbW2CYnSFVYi',3,'男','32058319821208041x','13812898784','78405966@qq.com','昆山市西塘街8号','0'),(282,'唐嘉阳','$2y$10$s6YbVlZ66R.Ax0Yx1HW5FOa8PDK1eaMb/Z2ohh7.n1bE24UeLpiKS',170,'女','320583199211250020','15051612961','378644569@qq.com','江苏省昆山市葛江中学','0'),(283,'陆静怡','$2y$10$UCmRhQRAevbq8t5QP15W9OkqYjdY0z3WSswp9cAOx7B2bAIwN/mha',42,'女','320583198811121066','15951110685','348141876@qq.com','昆山市周市镇白塘路368号 裕元实验学校','0'),(284,'丁英','$2y$10$vfdh3jQ7RAwDpKZYb5p1j.g6KTzrisej0f0ksSgQDNC.y2.gyhyO6',19,'女','320583198904236745','15962590752','502381020@qq.com','昆山市淀山湖镇南苑路288号','0'),(285,'顾霆','$2y$10$yjajCdSgk9ko2ufnjVmQJeclef3R/iq/CaJPn50eKKRMfMPTnNpSC',48,'男','320583199004270416','13405198120','786131821@qq.com','昆山市周市镇永平小学','0'),(286,'方紫璇','$2y$10$AJPIjymGLNPuq4SzDB8L7evqk6mAgPtdHxQUor12BlcwuAu6r6GyG',48,'女','341022199203210541','15062634984','fzxacj1314@sina.cn','昆山市周市镇永平小学','0'),(287,'李玉堂','$2y$10$MNOwOZJ9GnBE7B8ispNQx.1/ElfJEU/.uI6Lwa25w47XzHlwIzTHe',198,'女','230622198905083622','18662691997','807802402@qq.com','陆家镇河浦路106号','0'),(288,'陈健','$2y$10$grZV4GLGTTl97xkV4YYLpOJu6tPLu.Lwh3JnLPkf/HI2d9XRhu6h2',4,'男','320704198910050037','15162667785','790418886@qq.com','昆山花桥国际商务城徐公桥小学','0'),(289,'沈艳','$2y$10$D1mrAY1eyt3fuO9PFWT9dOXCdhsHBKJ4aYlLfxUs9n2lHUJR3bL7m',27,'女','32058319920627962X','13912673667','530152662@qq.com','昆山市蓬朗中心小学校','0'),(290,'徐琳芳','$2y$10$poA778CISB.tUXjT2Kztgeus8YrqpaCZ8VLKjnw7smVmaqqaxTePK',146,'女','320583198902214622','13405239334','237440238@qq.com','昆山市张浦镇俱巷路991号周巷幼儿园','0'),(291,'刘诗云','$2y$10$svuiyL3IE3gqZ0YrlhJJmu6jog6SYOWdsRsxrOfxsTHiLjY5O1lK6',102,'女','320583199307050023','13915753343','553433293@qq.com','昆山市红峰新村20号红峰幼儿园','0'),(292,'马文娟','$2y$10$y2CxyydmtdF0eoOEaJ4JE.SosZ8eXcdNvbE3ijAE7FHSabu7SPC6y',134,'女','320583197911051621','13511626900','m791105@qq.com','昆山市玉山镇朝阳幼儿园','0'),(293,'狄静亚','$2y$10$LafwGvxx/e30p0VaaxCiLOFiFnwXqcmwd/Ljiv2MgPG74L6ZoCvKi',56,'女','320583198712094623','15850305933','305668488@qq.com','昆山高新区城北幼儿园','0'),(294,'王之逸','$2y$10$.LqDt/MwcQACURaIcnHHReGgYOfEzok0tkZPe9ewTjvBKfQv5jS5e',67,'男','320583199205280418','13962650278','547433575@qq.com','昆山高新区新华舍幼儿园','0'),(295,'蔡晓丹','$2y$10$hybdo2LkkFot19j4nu6Smu84StWTalOpvEjbfkyG7lcpem31/Erfq',153,'女','320583199302058923','13862614306','417920670@qq.com','昆山市周庄镇周庄中心幼儿园新镇区分园','0'),(296,'龚徐雯','$2y$10$hF4Z9JIMoEa8IczyS/GI7u5yEjKUoGEJ1rH8/TSfifRHLxIMAaaBu',59,'女','320583199502234629','13962637399','xinfuderanran@163.com','昆山市玉山镇鹿城路239号','0'),(297,'陈红名','$2y$10$4/qezHj9EO577ihqhK82DO9ZVBbpwu1DKgTopDR5RW5Xy3gy8S6OK',20,'女','431281198704284424','15151612366','1213338463@qq.com','江苏省昆山市花桥中心小学校','0'),(298,'叶娇','$2y$10$8Lth5scSHF0weelHUWGpXug7N2LDUwc8wN7Ogz6XhUUzIZgSLCPbi',61,'女','32052519890203592X','17768040112','409861928@163.com','昆山高新区南星渎幼儿园','0'),(299,'陆晓静','$2y$10$RvwkUJ9YDgkXCIwtyFcSru/ZbqcnYfk4iHxZjJ.TWjFOwK8M7K1w.',18,'女','320583198608198123','15995620205','252586722@qq.com','昆山市大市中心小学','0'),(300,'张琳','$2y$10$7r6.P8v3qUg7TTqsfYZ2KOSXfmz8YNVgE6xkNZiCLCyHxFnIH.Ep.',48,'女','320583199005062125','18962670350','691229636@qq.com','昆山市周市镇永平小学','0'),(301,'胡俞茜','$2y$10$JMZo9vSQUeb8ctZFliYpI.YtUNAH.1QeiHyvkiZohps6wv3YHMpLO',34,'女','320583199010110427','13372156125','798502759@qq.com','昆山玉峰实验学校','0'),(302,'高莉','$2y$10$9Z/F.fHFll.VAg3GvP6qtuJYx46lAV4ZTLiGHDZ8MV21TjVRjsJjm',35,'女','320523197610062128','13773124182','skyhot@sina.com','昆山市玉山镇朝阳小学','0'),(303,'张琼','$2y$10$9oQjxRl6M4dFWiwsUOP1vOAllZr4gqQiI6HcujqEyLznzCtPswO/y',3,'女','321324198807050826','15162635325','1299629714@qq.com','昆山市玉山镇虹祺路2288号','0'),(304,'薛琴','$2y$10$9V7fhh2/oZVFfaREEsQQBe0H636J.p07V/hNweHVr2ZulEjVgMq6y',106,'女','320511198204012028','18796877977','317913254@qq.com','昆山锦华幼儿园（银泉路128号）','0'),(305,'平依芸','$2y$10$qdKlexw.T30PVWZp7NB2Au7epoz4kRgMZoibtIP4bCJiK1S7fQ8fq',47,'女','320583199207222529','15962618824','281497244@qq.com','华城美地小学','0'),(306,'高玉蓉','$2y$10$kYMiDa/l6VO.59Rk0j/JLODPL7jFsJ4AFTfa2.Z4kbiCo9tRgSZnm',123,'女','320583198212082925','13511628132','912856758@qq.com','昆山市南街98号实验幼儿园','0'),(307,'陈璐燕','$2y$10$N/AFgI3iIy27fofehGKUouQch72kTV7LB1iNUw0znd1p0YitBb2Qm',165,'男','320583199111063826','123','123','昆山兵希中学','0'),(308,'何梦佼','$2y$10$0edeFpPTbSlEb0w4iGYaiOOrinNJ26pqZz9w82AJtf5.ChHJoigjm',76,'女','320522198901290022','13862271858','515812313@qq.com','昆山开发区蓬欣幼儿园','0'),(309,'王雪倩','$2y$10$9gPI.UH9ShudgDoI2HAu0.bWDHBNBf2Q5pfyNFWiJ5mjzE8xF7DG.',76,'女','320522199111243920','15962295352','975844765@qq.com','昆山经济开发区蓬欣幼儿园','0'),(310,'陈佳男','$2y$10$4mFs1fFfFUTQfOVS5FTFS.Nom949y0vOyJSd4XqS6gvLIbcTsiDPe',65,'女','320582199210215745','13962475934','332140090@qq.com','昆山高新区西塘实验小学附属虹祺幼儿园','0'),(311,'陆燕芳','$2y$10$CiPf4YL0OPoJiHn.jhWWIeL13Yn9LTECGcLdmnl3/Lny9xtIsZZRq',153,'女','320522198809187321','15850317693','474897225@qq.com','昆山市周庄中心幼儿园（古镇区）','0'),(312,'陈惠元','$2y$10$Lo41RdmsuWtXdrXHOF3enu.7.cDSEsR7UKf.8Jo53xboSrrRwP36y',179,'男','320523196604301618','15599097955','chenhuiyuan666@126.com','江苏省昆山市千灯镇尚书路66号','0'),(313,'钱一慧','$2y$10$wET826fVaPbslgMNPgmFkuMPMjtg.Z3acX74A2q3cNSyQ8hjMeGZa',32,'女','320583198105250444','15151659698','774119255@qq.com','县后街','0'),(314,'张筱艳','$2y$10$CutSjBE0elSzIrve2cgJDegC4SwIrZLWMG8JWDiAsR3HllovEyVGS',85,'女','320583198806174624','15962624469','475624727@qq.com','昆山市柏庐南路89-17','0'),(315,'吴亦橙','$2y$10$po/7xuhXuZb/dK4.cEBNzuhUFw3E47iUXgXqo.nmpCeKqaP77um3a',24,'女','350821198805210067','15862667760','373065697@qq.com','陆家中心小学校','0'),(316,'沈丽娟','$2y$10$cXcwJPzAi4t5SOZHZNnSj.Tkj7.WvVyds.1siCicWQdAgC89Bqg66',44,'女','320583199112212125','13092655628','1214242279@qq.com','昆城博奥苑7#206','0'),(317,'赵佳','$2y$10$wcxsn9kfUZh7mycqd4zt2.f0gjj9lfj9s/akiU2RNWPWYd7MJZFsC',19,'女','32058319930320382X','18662546801','25309083582qq.com','昆山市淀山湖镇南苑路288号','0'),(318,'李姣姣','$2y$10$2wDLaFh8KDdQSizhvAAqlunvQl7RWpUnmUgRKHzyJL7ocjMmFp8JK',68,'女','320583198911114666','18662416358','130221218@qq.com','昆山市鹿城路616号振华实验幼儿园','0'),(319,'陆婷','$2y$10$zGOKVYlR8mvDHVPyEtb25OtFohkEIlJrzMgyfsnihF.GJSPc0Fk9C',26,'女','320583199010115148','13584965411','380415845@qq.com','昆山市县后街下塘40号，昆山培本实验小学','0'),(320,'朱玢玢','$2y$10$2u2eEONZXbwKkQkp5Nnx.OMZCu48OQ.iMW6hu5ZcnkrapVR6V64hq',26,'女','320502198012061267','15358833098','zhubbz-1206@163.com','昆山市玉山镇县后街下塘40号','0'),(321,'马颖超','$2y$10$at1DbFYxUg95FvGHCCpk/.FaTVzhNUphu5SvMBeJWVfpwm6Dbhw2O',116,'女','320583198912100426','13962696111','328429299@qq.com','昆山市开发区咸子泾路55号仁宝幼儿园','0'),(322,'孙炯','$2y$10$veVDDUOGqkdLqrgDAVAMZ.PuSsy39Jro8qONvXrwTpeACzwQnNOGe',143,'男','32058319920227811X','15151607032','453781379@qq.com','昆山市张浦镇第二幼儿园银河分园（通湖路501号）','0'),(323,'杭溪','$2y$10$8HEKpwQOP3Hlaf.bAGXFh.5pJXoW8y.bn2WaUnTeZVmellxXebX2u',26,'女','320323198808251622','15850336301','916682772@qq.com','昆山市震川西路1000号','0'),(324,'周静','$2y$10$hjpAui2NfHMDZvKze.iQCedLPdebQ1Y.4h1YWV7czk.24KMG.JJ9e',16,'女','320583198512115549','13773182686','379073271@qq.com','昆山城北紫竹路508#','0'),(325,'苏莺','$2y$10$L4J4fz4lS1hSy/Ugs1tczuHbiV0fJ21SPO.Tfkkz8SkqJZ.DaKZLy',180,'女','320583198107052521','15850321708','1034866582@qq.com','昆山市新镇东方路38号新镇中学','0'),(326,'张锦','$2y$10$sfF9qDxdCEIgVt/mAxFI1uMXGdFmRSi5HRlPT49ebT85A7Wd9r/bu',17,'女','32','15962626007','402196127@qq.com','江苏昆山','0'),(327,'陈密林','$2y$10$paBlqYMeqnQ9IPwMo8rfNOL5okfPEPDzVI3V0APKwpR7Ydltcz5l.',46,'男','320523195903244612','13913222683','994286757@qq.com','昆山市巴城镇正仪街道信义路10号','0'),(328,'朱佳翼','$2y$10$AwyhZiGT/sPm85kuqNx4ceikk8BcqpwsnDgzPKXnUrTlgNqc0nWG.',57,'女','320583199201232160','13182653489','245791033@qq.com','昆山市娄苑路55号','0'),(329,'顾思悦','$2y$10$WeLA38qIKpPicJKprQ5C9.xVLeFE.392L1ggXyv4BRsVsu9okT3Rm',4,'女','320583199210020020','13611576923','423292727@qq.com','昆山市花桥镇徐公桥小学','0'),(330,'周强','$2y$10$V1okDGG6FAPL04ieqNFr1O5nhPYpnJc1fgbHrc6MQFyVMOehC0QoO',168,'男','320523197305307117','13616266440','314507217@qq.com','昆山市淀山湖中学','0'),(331,'胡东侠','$2y$10$YzEbloDJcs4/SpnJ9aDc8.aUHiliPq7j19j3KyP.6vglqiFm639by',168,'女','320321197911103823','13913221110','739567306@qq.com','昆山市淀山湖中学','0'),(332,'吴婷','$2y$10$YMOh2AuSlODpw.bHV5J/nePa2iPDja9JkSSwwa3ARmZOlbyQ8itx2',29,'女','320583198510161621','159-5112-29','christcan21@126.com','昆山市千灯中心小学校','0'),(333,'管哲','$2y$10$e/Y8o9Y1BFzHkMqB84kReuolqhJ2t5ICehPbC1gLd0M83/pjDQfSe',26,'男','320211197905154116','13511637564','tprrk@163.com','震川路1000号','0'),(334,'贾晶权','$2y$10$kT65iyQhCBpvoBfiZQD2AeXHnfSTF1gSZysgzTZfHqVuaH4tTMFR2',46,'男','320882199203184414','15906131722','944277149@qq.com','古城路新城翡翠湾','0'),(335,'王湘钾','$2y$10$Nen6UTiIShD4bC.gZmuQ4eiKwbcv7zlZh0gW3e/lwR/Fh8.ryl1SS',199,'男','152128196502114512','15051651991','wxj4517@163.com','花桥经济开发区西环路500号','0'),(336,'金锦','$2y$10$C8FJ2kBvl9ScknipSqZYX.Pt9dtHhoFmP1Rwk1MbJcFKgVUcpXyEG',173,'男','320583198610131059','13913217440','1918109884@qq.com','昆山市娄江实验学校','0'),(337,'陈银吉','$2y$10$.ww.Nl9gk3BIVz.BHum5tOo7Z4R/3.vFo2roi1rvaaUD8F9INSaUy',31,'女','320583198501076329','13405100030','jijigrass@qq.com','昆山市石浦中心小学校','0'),(338,'戴婷婷','$2y$10$GcRzMsafXapnC24yE8YWr.It5CPLAfy/CNIYlxBh7YHEW79DeN1Ou',32,'女','320583198708070426','15250232880','529191737@qq.com','昆山市西塘街26号','0'),(339,'许欠金','$2y$10$7XJPTmWucm/QYeaXWs9js.wNJvfgYmBhck8vVPZT0NgoTM2y/TE3S',200,'女','420881198607088122','15051610036','253073803@qq.com','昆山市玉山镇正仪街道燕桥浜路319号','0'),(340,'张忠宇','$2y$10$ZwschoU9bjJyyAaV/LRmzuERsFiCmu1Xkth.fcKaIcgbpVPPbB1Wu',4,'男','320831198812103216','18618451637','475596190@qq.com','江苏省昆山市花桥镇','0');

/*!40101 SET SQL_MODE=@OLD_SQL_MODE */;
/*!40014 SET FOREIGN_KEY_CHECKS=@OLD_FOREIGN_KEY_CHECKS */;
/*!40014 SET UNIQUE_CHECKS=@OLD_UNIQUE_CHECKS */;
/*!40111 SET SQL_NOTES=@OLD_SQL_NOTES */;
